"","tag","Acantholabrus palloni","Argyrosomus regius","Atherinomorus forskalii","Balistes capriscus","Cheilodipterus novemstriatus","Chromis chromis","Coris julis","Dasyatis pastinaca","Dasyatis sp","Diplodos cervinus","Diplodus cervinus","Diplodus puntazzo","Diplodus sargus","Diplodus vulgaris","Echeneis sp","Epinephelus costae","Epinephelus marginatus","Epinephelus sp","Fistularia commersonii","Gobius bucchichi","Gobius sp","Gobius vittatus","Himantura uarnak","Muraena helena","Mycteroperca rubra","Pagrus auriga","Pagrus caeruleostictus","Parablennius rouxi","Parupeneus forsskali","Pteragogus pelycus","Pterois miles","Rhabdosargus haffara","Salpa salpa","Saprisoma cretense","Sardin sp","Sargocentron rubrum","Scarus ghobban","Sciaena umbra","Scomber sp","Scomberomorus commerson","Seriola dumerili","Serranus cabrilla","Serranus scriba","Siganus luridus","Siganus rivulatus","Siganus sp","Sparisoma cretense","Symphodus mediterraneus","Symphodus sp","Symphodus tinca","Synodus saurus","Taeniurops grabatus","Thalassoma pavo","Torquigener flavimaculosus","Algae","Bryozoan","Hard.Substrate","Hydrozoa","Soft.Substrate","Sponge","site","season","depth","sample_date","transect","year","site_id","Reserve"
"1","Achziv101Fall2015",0,0,0,0,0,11,3,0,0,0,0,0,0,0,0,1,0,2,0,0,0,0,0,0,1,0,0,0,0,0,0,0,0,0,0,0,0,0,0,0,0,0,0,7,54,0,0,0,0,0,0,0,3,0,0.519297191770536,0,0.101967262351704,0,0.378735545877759,0,"Achziv","Fall",10,"2015-11-18",1,2015,"Achziv10","R"
"2","Achziv101Fall2017",0,0,0,0,0,80,11,0,0,0,0,0,0,0,0,0,0,0,0,0,0,0,0,0,0,0,0,0,0,0,0,0,0,0,0,0,0,0,0,0,0,0,0,20,145,0,0,0,0,0,0,0,5,0,0.529178157749586,0,0.192608935466078,0,0.278212906784335,0,"Achziv","Fall",10,"2017-11-09",1,2017,"Achziv10","R"
"3","Achziv101Fall2018",0,0,0,0,0,2,0,0,0,0,0,0,0,0,0,0,3,0,0,0,0,0,0,0,8,0,0,0,0,0,0,0,0,0,0,0,0,0,0,0,0,0,0,56,41,0,0,0,0,0,0,0,1,0,0.527914495150628,0,0.213747133099151,0,0.258338371750221,0,"Achziv","Fall",10,"2018-10-31",1,2018,"Achziv10","R"
"4","Achziv101Fall2019",0,0,0,0,0,10,0,0,0,0,0,0,0,0,0,0,2,0,0,0,0,0,0,0,1,0,0,0,0,0,0,0,0,0,0,1,0,0,0,0,0,0,0,8,53,0,0,0,0,0,0,0,33,4,0.800025411294091,0.122449648750338,0,0,0.0775249399555712,0,"Achziv","Fall",10,"2019-11-05",1,2019,"Achziv10","R"
"5","Achziv101Fall2020",0,0,0,0,0,0,0,0,0,0,0,0,0,0,0,0,0,0,0,0,0,0,0,0,4,0,0,0,2,0,0,0,0,0,0,1,0,0,0,0,0,0,2,140,95,0,0,0,0,0,0,0,4,0,0.990288346015218,0,0,0,0.00971165398478174,0,"Achziv","Fall",10,"2020-10-19",1,2020,"Achziv10","R"
"6","Achziv101Fall2021",0,0,0,0,0,0,0,0,0,0,0,0,0,0,0,0,3,0,0,0,0,0,0,0,5,0,0,0,0,0,2,0,0,0,0,1,2,0,0,0,0,0,0,200,110,0,0,0,0,0,0,0,0,0,0.784789226562097,0.150147051235746,0,0,0.0650637222021568,0,"Achziv","Fall",10,"2021-10-14",1,2021,"Achziv10","R"
"7","Achziv101Fall2022",0,0,0,0,0,3,0,0,0,0,0,0,0,0,0,0,5,0,0,0,0,0,0,0,6,0,0,0,18,0,4,0,0,0,0,2,0,0,0,0,0,0,0,85,70,0,0,0,0,0,0,0,10,0,NA,NA,NA,NA,NA,NA,NA,NA,NA,NA,NA,NA,NA,NA
"8","Achziv101Spring2015",0,0,0,0,0,6,0,0,0,0,0,0,0,0,0,0,1,0,0,0,0,0,0,0,0,0,0,0,0,0,0,0,0,0,0,0,0,0,0,0,0,0,0,0,0,0,0,0,0,0,0,0,0,0,0.411726500859514,0,0.432982386293665,0,0.021272755184496,0,"Achziv","Spring",10,"2015-04-20",1,2015,"Achziv10","R"
"9","Achziv101Spring2016",0,0,0,0,0,21,9,0,0,0,0,0,0,0,0,0,0,0,0,0,0,0,0,0,1,0,0,1,0,0,0,0,0,0,0,2,0,0,0,0,0,0,0,0,0,0,0,0,0,0,0,0,2,0,0.701684792298092,0,0.242110893207345,0,0.0562043144945623,0,"Achziv","Spring",10,"2016-05-10",1,2016,"Achziv10","R"
"10","Achziv101Spring2017",0,0,0,0,0,13,0,0,0,0,0,0,0,0,0,2,1,0,0,0,0,0,0,0,1,0,0,0,0,0,0,0,0,0,0,0,0,0,0,0,0,0,1,0,0,0,0,0,0,0,0,0,9,0,0.76320633904274,0,0.0349367696494317,0,0.201856891307828,0,"Achziv","Spring",10,"2017-04-20",1,2017,"Achziv10","R"
"11","Achziv101Spring2018",0,0,0,0,0,116,2,0,0,0,0,0,0,0,0,2,0,0,0,0,0,0,0,0,0,0,0,0,0,0,0,0,0,3,0,0,0,0,0,0,0,0,0,10,16,0,0,0,0,0,0,0,3,0,0.701608192827382,0,0.101982010046338,0,0.19640979712628,0,"Achziv","Spring",10,"2018-04-10",1,2018,"Achziv10","R"
"12","Achziv101Spring2019",0,0,0,0,0,0,2,0,0,0,0,0,0,0,0,1,3,0,0,0,0,0,0,0,6,0,0,0,0,0,0,0,0,0,0,0,0,0,0,0,0,0,0,10,0,0,0,0,0,0,0,0,13,0,0.78885014736761,0,0,0,0.17751536283254,0.0336344897998497,"Achziv","Spring",10,"2019-05-01",1,2019,"Achziv10","R"
"13","Achziv101Spring2020",0,0,0,0,0,20,0,0,0,0,0,0,0,0,0,1,1,0,0,0,0,0,0,0,4,0,1,0,0,0,1,0,0,0,0,0,0,0,0,0,0,0,0,40,10,0,0,0,0,0,0,0,30,0,1,0,0,0,0,0,"Achziv","Spring",10,"2020-05-11",1,2020,"Achziv10","R"
"14","Achziv101Spring2021",0,0,0,0,0,10,0,0,0,0,0,0,0,0,0,0,3,0,0,0,0,0,0,0,28,0,0,0,4,0,0,0,0,0,0,0,0,0,0,0,0,0,0,8,50,0,0,0,0,0,0,0,25,0,0.875991266099174,0,0.116027973798298,0,0.0079807601025284,0,"Achziv","Spring",10,"2021-04-20",1,2021,"Achziv10","R"
"15","Achziv101Spring2022",0,0,0,0,0,20,0,0,0,0,0,0,0,0,0,2,2,0,0,0,0,0,0,0,8,0,0,0,0,0,0,0,0,0,0,0,0,0,0,0,0,0,4,45,0,0,0,0,0,0,0,0,22,0,0.783941176332266,0.00901642734302413,0,0,0.0767469708364554,0.0753515713667017,"Achziv","Spring",10,"2022-05-10",1,2022,"Achziv10","R"
"16","Achziv102Fall2015",0,0,0,0,0,83,2,0,0,0,0,0,0,0,0,0,0,0,0,1,0,0,0,0,0,0,0,0,0,0,0,0,0,0,0,0,0,0,0,0,0,0,0,17,37,0,0,0,0,0,0,0,4,0,0.528099782015562,0,0.235249960300847,0,0.236650257683591,0,"Achziv","Fall",10,"2015-11-18",2,2015,"Achziv10","R"
"17","Achziv102Fall2017",0,0,0,0,0,110,6,0,0,0,0,0,0,0,0,11,0,0,0,0,0,0,0,0,0,0,0,0,3,0,0,0,0,0,0,2,0,0,0,0,0,0,0,0,34,0,0,0,0,0,0,0,5,0,0.420022223398063,0,0.323350441822319,0,0.256627334779618,0,"Achziv","Fall",10,"2017-11-09",2,2017,"Achziv10","R"
"18","Achziv102Fall2018",0,0,0,0,0,47,3,0,1,0,0,0,0,0,0,0,0,0,0,0,0,0,0,0,2,0,0,0,1,0,0,0,0,0,0,0,0,0,0,0,0,0,0,34,32,0,0,0,0,0,0,0,7,0,0.557969478592624,0,0.16521074305093,0,0.252274182246023,0.0245455961104238,"Achziv","Fall",10,"2018-10-31",2,2018,"Achziv10","R"
"19","Achziv102Fall2019",0,0,0,0,0,33,0,0,0,0,0,0,0,0,0,0,1,0,0,0,0,0,0,0,4,0,0,0,1,0,2,0,0,0,0,2,0,0,0,0,0,0,0,92,50,0,0,0,0,0,0,0,3,0,0.752569210638517,0.0798623873443404,0.0748709881353191,0,0.0926974138818236,0,"Achziv","Fall",10,"2019-11-05",2,2019,"Achziv10","R"
"20","Achziv102Fall2020",0,0,0,0,0,100,0,0,0,0,0,0,0,0,0,0,2,0,0,0,0,0,0,0,11,0,0,0,1,0,0,0,0,0,0,1,0,0,0,0,0,0,0,42,15,0,1,0,0,0,0,0,3,0,0.953561536094108,0.046438463905892,0,0,0,0,"Achziv","Fall",10,"2020-10-19",2,2020,"Achziv10","R"
"21","Achziv102Fall2021",0,0,0,0,0,1,0,0,0,0,0,0,0,0,0,1,1,0,0,0,0,0,0,0,7,0,0,0,5,0,0,0,0,0,0,0,0,0,0,0,0,1,0,66,45,0,0,0,0,0,0,0,2,0,0.773023456682819,0.132787205840812,0,0,0.0941893374763695,0,"Achziv","Fall",10,"2021-10-14",2,2021,"Achziv10","R"
"22","Achziv102Fall2022",0,0,0,0,0,0,2,0,0,0,0,0,0,0,0,2,1,0,0,0,0,0,0,0,5,0,0,0,6,0,0,0,0,0,0,3,0,0,0,0,0,0,1,105,21,0,0,0,0,0,0,0,17,0,NA,NA,NA,NA,NA,NA,NA,NA,NA,NA,NA,NA,NA,NA
"23","Achziv102Spring2015",0,0,0,0,0,3,1,0,0,0,0,0,0,0,0,0,1,0,0,0,0,0,0,0,0,0,0,0,0,0,0,0,0,0,0,1,0,0,0,0,0,0,0,0,0,0,0,0,0,0,0,0,1,0,0.422189128816083,0,0.568782576321668,0,0.0090282948622487,0,"Achziv","Spring",10,"2015-04-20",2,2015,"Achziv10","R"
"24","Achziv102Spring2016",0,0,0,0,0,38,2,0,0,0,0,0,0,0,0,0,2,0,0,0,0,0,0,0,1,0,0,0,0,0,0,0,0,27,0,2,0,0,0,0,0,0,0,2,9,0,0,0,0,0,0,0,8,0,0.819948480945526,0,0.132282748693083,0,0.047768770361391,0,"Achziv","Spring",10,"2016-05-10",2,2016,"Achziv10","R"
"25","Achziv102Spring2017",0,0,0,0,0,109,1,0,0,0,0,0,0,0,0,0,0,0,0,0,0,0,0,0,1,0,0,0,0,0,0,0,0,0,0,0,0,0,0,0,0,0,0,0,5,0,0,0,0,0,0,0,6,0,0.575446746237396,0,0.136742612408201,0,0.287810641354403,0,"Achziv","Spring",10,"2017-04-20",2,2017,"Achziv10","R"
"26","Achziv102Spring2018",0,0,0,0,0,88,0,0,0,0,0,0,0,0,0,1,0,0,0,0,0,0,0,0,1,0,0,0,0,0,0,0,0,0,0,1,0,0,0,0,0,0,0,22,3,0,0,0,0,0,0,0,1,0,0.783041772658002,0,0.0708205612567144,0,0.146137666085284,0,"Achziv","Spring",10,"2018-04-10",2,2018,"Achziv10","R"
"27","Achziv102Spring2019",0,0,0,0,0,14,0,0,0,0,0,0,0,0,0,1,2,0,0,0,0,0,0,0,4,0,0,0,0,0,0,0,0,1,0,0,0,0,0,0,0,0,0,16,0,0,0,0,0,0,0,0,14,0,0.722161378915267,0,0.171606207140571,0,0.106232413944163,0,"Achziv","Spring",10,"2019-05-01",2,2019,"Achziv10","R"
"28","Achziv102Spring2020",0,0,0,0,0,160,0,4,0,0,0,0,0,0,0,1,4,0,0,0,0,0,0,0,4,0,0,0,0,0,1,0,0,0,0,0,0,0,0,0,0,0,0,0,11,0,0,0,0,0,0,0,20,0,0.927755121975043,0,0.0414519791946473,0,0,0.0307928988303094,"Achziv","Spring",10,"2020-05-11",2,2020,"Achziv10","R"
"29","Achziv102Spring2021",0,0,0,0,0,20,1,0,0,0,0,0,0,0,0,0,0,0,0,0,0,0,0,0,5,0,0,0,1,0,0,0,0,0,0,0,0,0,0,0,0,0,0,0,48,0,2,0,0,0,0,0,11,0,0.835023276039762,0,0.0382242839904941,0.0125801440981373,0.0236626519941154,0.0283951823929384,"Achziv","Spring",10,"2021-04-20",2,2021,"Achziv10","R"
"30","Achziv102Spring2022",0,0,0,0,0,22,0,0,0,0,0,0,0,0,0,2,4,0,0,0,0,0,0,0,0,0,0,0,0,0,0,0,0,0,0,0,0,0,0,0,0,0,0,34,0,0,0,0,0,0,0,0,12,0,0.693125828996649,0,0.0313441517075408,0,0.252245792313066,0.0232842269827446,"Achziv","Spring",10,"2022-05-10",2,2022,"Achziv10","R"
"31","Achziv103Fall2015",0,0,0,0,0,20,4,0,0,0,0,0,0,0,0,0,0,0,0,0,0,0,0,0,0,0,0,0,0,0,0,0,0,0,0,0,0,0,0,0,0,0,0,0,24,0,0,0,0,0,0,0,16,0,0.44801220987389,0,0.426748127899515,0,0.10762783472598,0.0176118275006149,"Achziv","Fall",10,"2015-11-18",3,2015,"Achziv10","R"
"32","Achziv103Fall2017",0,0,0,0,0,84,10,0,0,0,0,0,0,0,0,0,0,0,0,0,0,0,0,0,0,0,0,0,1,0,0,0,0,0,0,1,0,0,0,0,0,0,0,0,80,0,0,0,0,0,0,1,4,0,0.487378110494699,0,0.197334369126953,0,0.273404307339157,0.0418832130391901,"Achziv","Fall",10,"2017-11-09",3,2017,"Achziv10","R"
"33","Achziv103Fall2018",0,0,0,0,0,131,6,0,0,0,0,0,0,0,0,0,0,0,0,0,0,0,0,0,0,0,0,0,12,0,0,0,0,0,0,0,0,0,0,0,0,0,0,36,35,0,0,0,0,0,0,0,14,0,0.733260855662851,0,0.14211049550309,0,0.124628648834059,0,"Achziv","Fall",10,"2018-10-31",3,2018,"Achziv10","R"
"34","Achziv103Fall2019",0,0,0,0,0,0,3,0,0,0,0,0,0,0,0,1,3,0,0,0,0,0,0,0,8,0,0,0,3,0,0,0,0,0,0,0,0,0,0,0,0,0,0,30,15,0,0,0,0,0,0,0,5,0,0.933085608905059,0.0306033149835302,0,0,0.0078937121981328,0.0284173639132781,"Achziv","Fall",10,"2019-11-05",3,2019,"Achziv10","R"
"35","Achziv103Fall2020",0,0,0,0,0,0,0,0,0,0,0,0,0,0,0,0,4,0,0,0,0,0,0,0,28,0,0,0,7,0,0,0,0,0,0,0,0,0,0,0,0,0,0,50,100,0,0,0,0,0,0,0,11,0,0.877790464191504,0.0118814826480483,0,0,0.110328053160448,0,"Achziv","Fall",10,"2020-10-19",3,2020,"Achziv10","R"
"36","Achziv103Fall2021",0,0,0,0,0,170,0,0,0,0,0,0,0,0,0,0,4,0,0,0,0,0,0,0,2,0,0,0,2,0,0,0,0,0,0,1,0,0,0,0,0,0,0,0,10,0,0,0,0,0,0,0,0,0,0.452052417326844,0.0719574719683345,0.107936207952502,0,0.172612269066898,0.0200452957626075,"Achziv","Fall",10,"2021-10-14",3,2021,"Achziv10","R"
"37","Achziv103Fall2022",0,0,0,0,0,0,0,0,0,0,0,0,0,0,0,1,1,0,0,0,0,0,0,0,3,0,0,0,8,0,0,0,0,0,0,0,0,0,0,0,0,0,0,80,58,0,0,0,0,0,0,0,27,0,NA,NA,NA,NA,NA,NA,NA,NA,NA,NA,NA,NA,NA,NA
"38","Achziv103Spring2015",0,0,0,0,0,2,0,0,0,0,0,0,0,0,0,0,1,0,0,0,0,0,0,0,1,0,0,0,0,0,0,0,0,0,0,0,0,0,0,0,0,0,0,0,0,0,0,0,0,0,0,0,0,0,0.39153204211865,0,0.125460243793564,0,0.00369837453359714,0.0133141483209497,"Achziv","Spring",10,"2015-04-20",3,2015,"Achziv10","R"
"39","Achziv103Spring2016",0,0,0,0,0,23,16,0,0,0,0,0,0,0,0,0,0,0,0,0,0,0,0,0,0,0,0,0,0,0,0,0,0,0,0,4,0,0,0,0,0,0,0,0,4,0,0,0,0,0,0,0,4,0,0.907376462162807,0,0,0,0.0926235378371927,0,"Achziv","Spring",10,"2016-05-10",3,2016,"Achziv10","R"
"40","Achziv103Spring2017",0,0,0,0,0,20,7,0,0,0,0,0,0,0,0,0,0,0,0,0,0,0,0,0,0,0,0,0,0,0,0,0,0,0,0,0,0,0,0,0,0,0,0,0,0,0,0,0,0,0,0,0,19,1,0.832636202028652,0,0.035501411690892,0,0.131862386280456,0,"Achziv","Spring",10,"2017-04-20",3,2017,"Achziv10","R"
"41","Achziv103Spring2018",0,0,0,0,0,91,16,0,0,0,0,0,0,0,0,0,0,0,0,0,0,0,0,0,0,0,0,0,0,0,0,1,0,0,0,0,0,0,0,0,0,0,0,16,0,0,0,0,0,0,0,0,6,0,0.690871456196812,0,0.106654426394309,0,0.176064449920764,0.0264096674881146,"Achziv","Spring",10,"2018-04-10",3,2018,"Achziv10","R"
"42","Achziv103Spring2019",0,0,0,0,0,10,3,0,0,0,0,0,0,0,0,1,3,0,0,0,0,0,0,0,0,0,0,0,0,0,0,0,0,0,0,0,0,0,0,0,0,0,0,41,0,0,0,0,0,0,0,0,56,0,0.745986564955027,0,0.038654218376409,0,0.215359216668564,0,"Achziv","Spring",10,"2019-05-01",3,2019,"Achziv10","R"
"43","Achziv103Spring2021",0,0,0,0,0,0,0,0,0,0,0,0,0,0,0,2,1,0,0,0,0,0,0,0,1,0,0,0,0,0,0,0,0,0,0,0,0,0,0,0,0,0,2,10,40,0,0,0,0,0,0,0,2,0,0.914197257850509,0,0.0858027421494914,0,0,0,"Achziv","Spring",10,"2021-04-20",3,2021,"Achziv10","R"
"44","Achziv103Spring2022",0,0,0,0,0,27,2,0,0,0,0,0,0,0,0,1,2,0,0,0,0,0,0,0,0,0,0,0,0,0,0,0,0,0,0,0,0,0,0,0,0,0,0,67,0,0,0,0,0,0,0,0,25,0,0.57699217291448,0.00791769984406077,0,0,0.318593160391969,0,"Achziv","Spring",10,"2022-05-10",3,2022,"Achziv10","R"
"45","Achziv104Fall2015",0,0,0,0,0,32,5,0,0,0,0,0,0,0,0,1,0,0,0,0,1,0,0,0,0,0,0,0,0,0,0,0,0,0,0,0,0,0,0,0,0,0,0,8,11,0,0,0,0,0,0,0,8,0,0.511900502289516,0,0.276780093211165,0,0.211319404499318,0,"Achziv","Fall",10,"2015-11-18",4,2015,"Achziv10","R"
"46","Achziv104Fall2017",0,0,0,0,0,90,0,0,0,0,0,0,0,0,0,0,0,0,0,0,0,0,0,0,0,0,0,0,2,0,0,0,0,0,0,1,0,0,0,0,0,0,0,0,40,0,1,0,0,0,0,0,11,3,0.575164170985293,0,0.0340603935198861,0,0.365473428880048,0.0253020066147725,"Achziv","Fall",10,"2017-11-09",4,2017,"Achziv10","R"
"47","Achziv104Fall2018",0,0,0,0,0,20,0,0,0,0,0,0,0,0,0,0,0,0,0,0,0,0,0,0,1,0,0,0,10,0,0,0,0,0,0,0,0,0,0,0,0,0,0,29,29,0,0,0,0,1,0,0,7,0,0.736407776689911,0,0.162806961456231,0,0.100785261853857,0,"Achziv","Fall",10,"2018-10-31",4,2018,"Achziv10","R"
"48","Achziv104Fall2019",0,0,0,0,0,77,6,0,0,0,0,0,0,0,0,1,0,0,0,0,0,0,0,0,0,0,0,0,22,0,0,0,0,5,0,0,0,0,0,0,0,1,0,31,2,0,0,0,0,0,0,0,15,0,0.97836994090757,0.0216300590924295,0,0,0,0,"Achziv","Fall",10,"2019-11-05",4,2019,"Achziv10","R"
"49","Achziv104Fall2020",0,0,0,0,0,127,0,0,0,0,0,0,0,0,0,1,4,0,0,0,0,0,0,0,1,0,0,0,2,0,0,0,0,0,0,1,0,0,0,0,0,0,0,5,50,0,2,0,0,0,0,0,0,0,0.832401666836061,0.0107549732511619,0.0403311496918571,0,0.11651221022092,0,"Achziv","Fall",10,"2020-10-19",4,2020,"Achziv10","R"
"50","Achziv104Fall2021",0,0,0,0,0,0,0,0,0,0,0,0,0,0,0,1,3,0,0,0,0,0,0,0,13,0,0,0,0,0,0,0,0,0,0,0,0,0,0,0,0,0,0,80,100,0,0,0,0,0,0,0,3,0,0.888843200830474,0.0329547216361418,0,0,0.0170004516376922,0.0612016258956919,"Achziv","Fall",10,"2021-10-14",4,2021,"Achziv10","R"
"51","Achziv104Fall2022",0,0,0,0,0,30,10,0,0,0,0,0,0,0,0,0,0,0,0,0,0,0,0,0,1,0,0,0,9,0,0,0,0,0,0,0,0,0,0,0,0,0,1,17,5,0,3,0,0,0,0,0,23,0,NA,NA,NA,NA,NA,NA,NA,NA,NA,NA,NA,NA,NA,NA
"52","Achziv104Spring2015",0,0,0,0,0,5,0,0,0,0,0,0,0,0,0,0,2,0,0,0,0,0,0,0,0,0,0,0,0,0,0,0,0,0,0,0,0,0,0,0,0,0,0,0,0,0,0,0,0,0,0,0,6,0,0.552855810385436,0,0.12061856411918,0.00793944979012321,0.00497790899539471,0,"Achziv","Spring",10,"2015-04-20",4,2015,"Achziv10","R"
"53","Achziv104Spring2016",0,0,0,0,0,4,2,0,0,0,0,0,0,0,0,0,0,0,0,0,0,0,0,0,0,0,0,0,0,0,0,0,0,0,0,0,0,0,0,0,0,0,0,1,0,0,0,0,0,0,0,0,3,0,0.762816381501331,0,0.0981342029252375,0,0.11474951770623,0.0242998978672017,"Achziv","Spring",10,"2016-05-10",4,2016,"Achziv10","R"
"54","Achziv104Spring2017",0,0,0,0,0,50,2,0,0,0,0,0,0,0,0,0,0,0,0,0,0,0,0,0,2,0,0,0,0,0,0,0,0,0,0,0,0,0,0,0,0,0,0,3,2,0,0,0,0,0,0,0,2,2,0.810304625799173,0,0,0,0.189695374200827,0,"Achziv","Spring",10,"2017-04-20",4,2017,"Achziv10","R"
"55","Achziv104Spring2018",0,0,0,0,0,50,5,0,0,0,0,0,0,0,0,0,1,0,0,0,0,0,0,0,0,0,0,0,0,0,0,0,0,0,0,3,0,0,0,0,0,0,0,3,11,0,0,0,0,0,0,0,3,0,0.681862905870777,0,0,0,0.318137094129223,0,"Achziv","Spring",10,"2018-04-10",4,2018,"Achziv10","R"
"56","Achziv104Spring2019",0,0,0,0,0,31,1,0,0,0,0,0,0,0,0,0,0,0,0,0,0,0,0,0,1,0,0,0,0,0,0,0,0,0,0,0,0,0,0,0,0,1,0,0,0,0,0,0,0,0,0,0,38,0,0.572717812050899,0,0.100945416902975,0,0.326336771046126,0,"Achziv","Spring",10,"2019-07-01",4,2019,"Achziv10","R"
"57","Achziv104Spring2020",0,0,0,0,0,5,20,0,0,0,0,0,0,0,0,0,0,0,0,0,0,0,0,0,0,0,0,0,1,0,0,0,0,0,0,0,0,0,0,0,0,3,0,0,4,0,0,0,0,0,0,0,105,0,0.865940140924848,0,0.0769195912726284,0,0,0.057140267802524,"Achziv","Spring",10,"2020-05-11",4,2020,"Achziv10","R"
"58","Achziv104Spring2021",0,0,0,0,0,2,0,0,0,0,0,0,0,0,0,0,6,0,0,0,0,0,0,0,4,0,0,0,0,0,0,0,0,0,0,1,0,0,0,0,0,0,2,10,70,0,10,0,0,0,0,0,4,0,0.820875576316797,0,0.148484719632129,0,0.0306397040510743,0,"Achziv","Spring",10,"2021-04-20",4,2021,"Achziv10","R"
"59","Achziv104Spring2022",0,0,0,0,0,70,0,0,0,0,0,0,0,0,0,2,4,0,0,0,0,0,0,0,3,0,0,0,0,0,0,0,0,0,0,0,4,0,0,0,0,0,0,38,0,0,0,0,0,0,0,0,4,0,0.584869633921517,0,0,0,0.415130366078483,0,"Achziv","Spring",10,"2022-05-10",4,2022,"Achziv10","R"
"60","Achziv251Fall2015",0,0,0,0,0,10,7,0,0,0,0,0,0,0,0,0,0,1,0,0,1,0,0,0,0,0,0,0,0,0,0,0,0,0,0,4,0,0,0,0,0,0,0,14,20,0,0,0,0,0,0,0,2,0,0.567629831952025,0,0,0.00974773722215569,0.128345206758383,0.198018318998648,"Achziv","Fall",25,"2015-11-18",1,2015,"Achziv25","R"
"61","Achziv251Fall2017",0,0,0,0,0,3,12,0,0,0,0,0,0,0,0,6,2,0,0,0,0,0,0,0,1,0,0,0,0,0,0,0,0,0,0,4,0,0,0,0,0,0,0,0,10,0,0,0,0,0,0,0,0,0,0.804306024020427,0,0,0,0.0305771837468083,0.165116792232765,"Achziv","Fall",25,"2017-11-09",1,2017,"Achziv25","R"
"62","Achziv251Fall2018",0,0,0,0,0,31,1,0,0,0,0,0,0,0,0,2,0,0,0,0,0,0,0,0,1,0,0,0,0,0,0,0,0,0,0,1,0,0,0,0,0,0,0,0,0,0,0,0,0,0,0,0,1,0,0.804713405968735,0,0,0,0.106669148000271,0.0886174460309941,"Achziv","Fall",25,"2018-10-31",1,2018,"Achziv25","R"
"63","Achziv251Fall2019",0,0,0,0,0,91,6,0,0,0,0,0,0,0,0,0,0,0,0,0,0,0,0,0,2,0,0,0,3,0,0,0,0,0,0,7,0,0,0,0,0,1,0,0,0,0,0,0,0,0,0,0,1,0,0.645005543592476,0.00408724727933824,0,0,0.164463045287658,0.136630837623593,"Achziv","Fall",25,"2019-11-05",1,2019,"Achziv25","R"
"64","Achziv251Fall2020",0,0,0,0,0,30,10,0,0,0,0,0,0,0,0,0,6,0,0,0,0,0,0,0,2,0,0,0,0,0,0,0,0,0,0,0,0,0,0,0,0,2,0,0,0,0,0,0,0,0,0,0,3,0,0.757933265258071,0.0102591350748345,0,0,0.174649561393016,0.0571580382740781,"Achziv","Fall",25,"2020-10-19",1,2020,"Achziv25","R"
"65","Achziv251Fall2021",0,0,0,0,0,5,2,0,0,0,0,0,0,0,0,0,1,0,0,0,0,0,0,0,15,0,0,0,5,0,3,0,0,0,0,4,0,0,0,0,0,0,0,0,0,0,0,0,0,0,0,0,0,0,0.116321064805421,0.407791259181106,0,0,0.383780383881833,0.0921072921316398,"Achziv","Fall",25,"2021-10-14",1,2021,"Achziv25","R"
"66","Achziv251Fall2022",0,0,0,0,0,20,8,0,0,0,0,0,0,0,0,0,1,0,0,0,0,0,0,0,2,0,0,0,3,0,0,0,0,0,0,5,0,0,0,0,0,0,0,12,9,0,4,0,0,0,0,0,16,0,0.411060593435085,0.185887541087195,0.034853913953849,0.0114709083898743,0.201378169511127,0.15534887362287,"Achziv","Fall",25,"2022-10-30",1,2022,"Achziv25","R"
"67","Achziv251Spring2015",0,0,0,0,0,0,2,0,0,0,0,0,0,0,0,0,0,0,0,0,0,0,0,0,0,0,0,0,0,0,0,0,0,0,0,2,0,0,0,0,0,1,0,0,0,0,0,0,0,0,0,0,2,0,0.526929601357082,0,0.359944868532655,0,0.051420695504665,0.061704834605598,"Achziv","Spring",25,"2015-05-20",1,2015,"Achziv25","R"
"68","Achziv251Spring2016",0,0,0,0,0,4,12,0,0,0,0,0,0,0,0,0,0,0,0,0,0,0,0,0,0,0,0,0,0,0,0,0,0,0,0,5,0,0,0,0,0,0,0,0,0,0,0,0,0,0,0,0,2,1,0.786553677606629,0,0,0,0.15894938901634,0.0544969333770308,"Achziv","Spring",25,"2016-04-11",1,2016,"Achziv25","R"
"69","Achziv251Spring2017",0,0,0,0,0,0,4,0,0,0,0,0,0,0,0,0,2,0,0,0,0,0,0,0,0,0,0,0,0,0,0,0,0,0,0,3,0,0,0,0,0,0,0,0,0,0,0,0,0,0,0,0,23,1,0.834734067601507,0,0.0333069537463374,0,0.0824743616575973,0.0494846169945584,"Achziv","Spring",25,"2017-04-20",1,2017,"Achziv25","R"
"70","Achziv251Spring2018",0,0,0,0,0,0,5,0,0,0,0,0,0,0,0,3,2,0,0,0,0,0,0,0,1,0,0,0,0,0,0,0,0,0,0,12,0,0,0,0,0,1,0,0,0,0,0,0,0,0,0,0,6,0,0.76000430292599,0,0,0,0.18633206294566,0.0536636341283501,"Achziv","Spring",25,"2018-04-10",1,2018,"Achziv25","R"
"71","Achziv251Spring2019",0,0,0,0,0,20,9,0,0,0,0,0,0,0,0,0,0,0,0,0,0,0,0,0,3,0,0,0,0,0,0,0,0,0,0,5,0,0,0,0,0,1,0,0,0,0,0,0,0,0,0,0,7,0,0.498177236905592,0,0,0,0.221010025197019,0.280812737897389,"Achziv","Spring",25,"2019-05-01",1,2019,"Achziv25","R"
"72","Achziv251Spring2020",0,0,0,0,0,0,8,0,0,0,0,0,0,0,0,0,0,0,0,0,0,0,0,0,2,0,0,0,0,0,0,0,0,0,0,3,0,0,0,0,0,1,0,0,0,0,0,0,0,0,0,0,1,0,0.667048040793837,0.0245787882077881,0.0307234852597351,0.0101115267943432,0.107776035593674,0.159762123350623,"Achziv","Spring",25,"2020-05-11",1,2020,"Achziv25","R"
"73","Achziv251Spring2021",0,0,0,0,0,0,1,0,0,0,0,0,0,0,0,0,1,0,0,0,0,0,0,0,5,0,0,0,0,0,0,0,0,0,0,9,0,0,0,0,0,0,0,0,0,0,0,0,0,0,0,0,2,0,0.381923465468673,0,0.172711310724761,0.0378944648003696,0.279170928182088,0.128299830824108,"Achziv","Spring",25,"2021-04-20",1,2021,"Achziv25","R"
"74","Achziv251Spring2022",0,0,0,0,0,4,1,0,0,0,0,0,0,0,0,2,1,0,0,0,0,0,0,0,7,0,0,0,0,0,0,0,0,0,0,9,0,0,0,0,0,0,0,0,0,0,0,0,0,0,0,0,6,0,0.353428014394809,0.0565096440598294,0.0235456850249289,0,0.286659371652706,0.279857284867726,"Achziv","Spring",25,"2022-05-10",1,2022,"Achziv25","R"
"75","Achziv252Fall2015",0,0,0,0,0,3,3,0,0,0,0,0,0,0,0,2,0,0,0,0,0,0,0,0,0,0,0,1,0,0,0,0,0,1,0,3,0,0,0,0,0,0,0,0,0,0,5,0,0,0,0,0,2,0,0.843003669897431,0,0,0.0127787710548603,0.144217559047709,0,"Achziv","Fall",25,"2015-11-18",2,2015,"Achziv25","R"
"76","Achziv252Fall2017",0,0,0,0,0,4,10,0,0,0,0,0,0,0,0,0,0,0,0,0,0,0,0,0,0,0,0,0,3,0,0,0,0,0,0,4,0,0,0,0,0,1,0,0,10,0,0,0,0,0,0,0,0,0,0.697789084049106,0,0,0,0.152491746580726,0.149719169370168,"Achziv","Fall",25,"2017-11-09",2,2017,"Achziv25","R"
"77","Achziv252Fall2018",0,0,0,0,0,31,0,0,0,0,0,0,0,0,0,1,1,0,0,0,0,0,0,0,1,0,0,0,0,0,0,0,0,0,0,17,0,0,0,0,0,0,0,1,0,0,0,0,0,0,0,0,3,0,0.700021756697955,0,0,0,0.218577111953751,0.0814011313482936,"Achziv","Fall",25,"2018-10-31",2,2018,"Achziv25","R"
"78","Achziv252Fall2019",0,0,0,0,0,60,0,0,0,0,0,0,0,0,0,0,1,0,0,0,0,0,0,0,3,0,0,0,1,0,0,0,0,0,0,9,0,0,0,0,0,0,0,2,0,0,0,0,0,0,0,0,5,0,0.859025441719194,0,0,0,0.0554394330317777,0.0855351252490284,"Achziv","Fall",25,"2019-11-05",2,2019,"Achziv25","R"
"79","Achziv252Fall2020",0,0,0,0,0,7,6,0,0,0,0,0,0,0,0,1,0,0,0,0,0,0,0,0,6,0,0,0,1,0,0,0,0,0,0,6,0,0,0,0,0,1,0,5,20,0,0,0,0,0,0,0,0,0,0.625036745252513,0,0,0,0.0926715268387324,0.282291727908754,"Achziv","Fall",25,"2020-10-19",2,2020,"Achziv25","R"
"80","Achziv252Fall2021",0,0,0,0,0,0,0,2,0,0,0,0,0,0,0,0,0,0,0,0,0,0,0,0,4,0,0,0,1,0,0,0,0,0,0,10,0,0,0,0,0,0,0,14,24,0,0,0,0,0,0,0,0,0,0.108680567266559,0.306349154568471,0,0,0.264944822053264,0.100400143093869,"Achziv","Fall",25,"2021-10-14",2,2021,"Achziv25","R"
"81","Achziv252Fall2022",0,0,0,0,2,4,3,0,0,0,0,0,0,0,0,1,0,0,0,0,0,0,0,0,0,0,0,0,9,0,0,0,0,0,0,13,2,0,0,0,0,0,0,13,3,0,7,0,0,0,0,0,6,0,0.247789016275336,0.315851576194555,0,0,0.178835822758241,0.257523584771867,"Achziv","Fall",25,"2022-10-30",2,2022,"Achziv25","R"
"82","Achziv252Spring2015",0,0,0,0,0,0,0,0,0,0,0,0,0,0,0,0,1,0,0,0,0,0,0,0,2,0,0,0,0,0,0,0,0,0,0,7,0,0,0,0,0,0,0,2,18,0,0,0,0,0,0,0,5,0,0.602766227007249,0,0.224878169306551,0,0.0530324934419077,0.119323110244292,"Achziv","Spring",25,"2015-05-20",2,2015,"Achziv25","R"
"83","Achziv252Spring2016",0,0,0,0,0,0,3,0,0,0,0,0,0,0,0,0,1,0,0,0,0,0,0,0,1,0,0,0,0,0,0,0,0,0,0,3,0,0,0,0,0,0,0,0,0,0,0,0,1,0,0,0,2,0,0.752233121230899,0,0,0,0.168598763659447,0.0791681151096534,"Achziv","Spring",25,"2016-04-11",2,2016,"Achziv25","R"
"84","Achziv252Spring2017",0,0,0,0,0,1,8,0,0,0,0,0,0,0,0,0,0,0,0,0,0,0,0,0,0,0,0,0,0,0,0,0,0,0,0,8,0,0,0,0,0,0,0,0,0,0,0,0,0,0,0,0,1,0,0.629870971341403,0,0,0.0108927588197747,0.211717193251017,0.147519076587805,"Achziv","Spring",25,"2017-04-20",2,2017,"Achziv25","R"
"85","Achziv252Spring2018",0,0,0,0,0,0,2,0,0,0,0,0,0,0,0,2,1,0,0,0,0,0,0,0,0,0,0,0,0,0,0,0,2,0,0,8,0,0,0,0,0,0,0,1,0,0,0,0,0,0,0,0,4,0,0.829216594588127,0,0,0,0.140937761747662,0.0298456436642109,"Achziv","Spring",25,"2018-04-10",2,2018,"Achziv25","R"
"86","Achziv252Spring2019",0,0,0,0,0,0,1,0,0,0,0,0,0,0,0,0,3,0,0,0,0,0,0,0,1,0,0,0,0,0,0,0,0,0,0,6,0,0,0,0,0,1,0,0,0,0,0,0,0,0,0,0,3,1,0.643823419539505,0,0,0.0128539408655618,0.169243554729897,0.174079084865037,"Achziv","Spring",25,"2019-05-01",2,2019,"Achziv25","R"
"87","Achziv252Spring2020",0,0,0,0,0,0,9,0,0,0,0,0,0,0,0,0,1,0,0,0,0,0,0,0,2,0,0,0,0,0,0,0,0,0,0,16,0,0,0,0,0,0,1,0,0,0,5,0,0,0,0,0,3,0,0.628580874130974,0.0295777140356848,0,0,0.0784714862171229,0.211873012786232,"Achziv","Spring",25,"2020-05-11",2,2020,"Achziv25","R"
"88","Achziv252Spring2021",0,0,0,0,0,0,2,0,0,0,0,0,0,0,0,1,1,0,0,0,0,0,0,0,1,0,0,0,0,0,0,0,0,0,0,10,1,0,0,0,0,2,0,0,2,0,0,0,0,0,0,0,3,0,0.249139329437054,0.0326133805066049,0.0733801061398611,0.0563509675841971,0.29779122438769,0.290724991944592,"Achziv","Spring",25,"2021-04-20",2,2021,"Achziv25","R"
"89","Achziv252Spring2022",0,0,0,0,0,1,8,0,0,0,0,0,0,0,0,0,0,0,0,0,0,0,0,0,1,0,0,0,0,0,0,0,0,0,0,4,0,0,0,0,0,0,0,0,1,0,0,0,0,0,0,0,7,0,0.33734046496849,0.017122985401331,0,0,0.492897365481171,0.152639184149008,"Achziv","Spring",25,"2022-05-10",2,2022,"Achziv25","R"
"90","Achziv253Fall2015",0,0,0,0,0,3,5,0,0,0,0,0,0,0,0,1,0,1,0,1,0,0,0,0,0,0,0,1,0,0,0,0,0,0,0,3,0,0,0,0,0,0,0,2,0,0,0,0,0,0,0,0,4,0,0.736905786540731,0,0.03617401887371,0,0.11943168136082,0.107488513224738,"Achziv","Fall",25,"2015-11-18",3,2015,"Achziv25","R"
"91","Achziv253Fall2017",0,0,0,0,0,5,2,0,0,0,0,0,0,0,0,3,2,0,0,0,0,0,0,0,16,0,0,0,0,0,0,0,0,0,0,0,0,0,0,0,0,1,0,0,40,0,0,0,0,0,0,0,1,0,0.902708124373119,0,0,0,0.0694941968763433,0.0277976787505373,"Achziv","Fall",25,"2017-11-09",3,2017,"Achziv25","R"
"92","Achziv253Fall2018",0,0,0,0,0,8,7,0,0,0,0,0,0,0,0,0,1,0,0,0,0,0,0,0,5,0,0,0,0,0,0,0,0,0,0,1,0,0,0,0,0,0,0,0,0,0,0,0,0,0,0,0,5,1,0.661173853793017,0,0,0,0.174730972259206,0.164095173947777,"Achziv","Fall",25,"2018-10-31",3,2018,"Achziv25","R"
"93","Achziv253Fall2019",0,0,0,0,0,190,3,1,0,0,0,0,0,0,0,0,1,0,0,0,0,0,0,0,4,0,0,0,5,0,0,0,0,0,0,5,0,0,0,0,0,1,0,0,20,0,0,0,0,0,0,0,0,0,0.695302019511783,0.00838468325005662,0,0.0103481850238041,0.07136962528322,0.163501323376104,"Achziv","Fall",25,"2019-11-05",3,2019,"Achziv25","R"
"94","Achziv253Fall2020",0,0,0,0,0,46,7,0,0,0,0,0,0,0,0,0,4,0,0,0,0,0,0,0,4,0,0,0,7,0,0,0,0,0,0,6,0,0,0,0,0,0,0,0,10,0,0,0,0,0,0,0,0,0,0.789268921800046,0.00969409122058935,0,0,0.120022081778725,0.0810149052006396,"Achziv","Fall",25,"2020-10-19",3,2020,"Achziv25","R"
"95","Achziv253Fall2021",0,0,0,0,0,13,0,0,0,0,0,0,0,0,0,0,2,0,0,0,0,0,0,0,7,0,0,0,15,0,2,0,0,0,0,2,0,0,0,0,0,0,0,0,0,0,0,0,0,0,0,0,3,0,0.0528811662409964,0.61962866243866,0,0,0.262354004648894,0.0651361666714495,"Achziv","Fall",25,"2021-10-14",3,2021,"Achziv25","R"
"96","Achziv253Fall2022",0,0,0,0,0,11,7,0,0,0,0,0,0,0,0,0,5,0,0,0,0,0,0,0,9,0,0,0,2,0,1,0,0,0,0,5,0,0,0,0,0,0,0,0,0,0,0,0,0,0,0,1,12,0,0.60040988502801,0.168137575400816,0,0,0.15749729024074,0.0739552493304343,"Achziv","Fall",25,"2022-10-30",3,2022,"Achziv25","R"
"97","Achziv253Spring2015",0,0,0,0,0,1,2,0,0,0,0,0,0,0,0,0,1,0,0,0,0,0,0,0,0,0,0,0,0,0,0,0,0,0,0,0,0,0,0,0,0,0,0,0,0,0,0,0,0,0,0,0,3,0,0.601730089805376,0,0.227745112027787,0,0.0738493220407563,0.096675476126081,"Achziv","Spring",25,"2015-05-20",3,2015,"Achziv25","R"
"98","Achziv253Spring2016",0,0,0,0,0,2,8,0,0,0,0,0,0,0,0,0,0,0,0,0,0,0,0,0,0,0,0,0,0,0,0,0,0,0,0,1,0,0,0,0,0,1,0,0,0,0,0,0,0,0,0,0,2,0,0.544654383288346,0,0.0298820560967023,0,0.20348257246802,0.221980988146931,"Achziv","Spring",25,"2016-04-11",3,2016,"Achziv25","R"
"99","Achziv253Spring2017",0,0,0,0,0,0,1,0,0,0,0,0,0,0,0,0,0,0,0,0,0,0,0,0,0,0,0,0,0,0,0,0,0,0,0,3,0,0,0,0,0,3,0,0,0,0,0,0,0,0,0,0,5,1,0.805351170568562,0,0,0,0.0648829431438127,0.129765886287625,"Achziv","Spring",25,"2017-04-20",3,2017,"Achziv25","R"
"100","Achziv253Spring2018",0,0,0,0,0,0,4,0,0,0,0,0,0,0,0,0,0,0,0,0,0,0,0,0,0,0,0,0,0,0,0,0,0,0,0,7,0,0,0,0,0,2,0,0,2,0,0,0,0,0,0,0,4,3,0.547748687685436,0,0,0,0.144575844096564,0.260236519373815,"Achziv","Spring",25,"2018-04-10",3,2018,"Achziv25","R"
"101","Achziv253Spring2019",0,0,0,0,0,0,2,0,0,0,0,0,0,0,0,1,2,0,0,0,0,0,0,0,0,0,0,0,0,0,0,0,0,0,0,16,0,0,0,0,0,0,0,0,0,0,0,0,0,0,0,0,0,0,0.623492071679805,0.00504304614992212,0,0.0124480253067698,0.218531999829959,0.140484857033545,"Achziv","Spring",25,"2019-05-01",3,2019,"Achziv25","R"
"102","Achziv253Spring2020",0,0,0,0,0,0,12,0,0,0,0,0,0,0,0,0,0,0,0,0,0,0,0,0,1,0,0,0,0,0,2,0,0,0,0,0,0,0,0,0,0,0,0,0,1,0,0,0,0,0,0,0,8,0,0.639646107549671,0.0778289194871358,0,0,0.0991937209149769,0.127534784033542,"Achziv","Spring",25,"2020-05-11",3,2020,"Achziv25","R"
"103","Achziv253Spring2021",0,0,0,0,0,3,5,0,0,0,0,0,0,0,0,0,0,0,0,0,0,0,0,0,4,0,0,0,0,0,2,0,0,0,0,1,0,0,0,0,0,0,0,0,0,0,0,0,0,0,0,0,0,0,0.362000183326569,0.0303278966004229,0.113729612251586,0.0187149994844382,0.369621239817654,0.10560606851933,"Achziv","Spring",25,"2021-04-20",3,2021,"Achziv25","R"
"104","Achziv253Spring2022",0,0,0,0,0,0,2,0,0,0,0,0,0,0,0,4,1,0,0,0,0,0,0,0,0,0,0,0,0,0,1,0,0,0,0,5,0,0,0,0,0,0,0,0,0,0,0,0,0,0,0,0,5,0,0.365969876138582,0.0468634692877128,0.0270366168967574,0,0.479792661755155,0.0803373759217933,"Achziv","Spring",25,"2022-05-10",3,2022,"Achziv25","R"
"105","Achziv254Fall2015",0,0,0,0,0,55,4,0,0,0,0,0,0,0,0,0,1,0,3,0,1,0,0,0,0,0,0,0,0,0,0,0,0,0,0,2,0,0,0,0,0,0,0,0,40,0,1,0,0,0,0,0,0,0,0.659321238037977,0,0,0,0.215130150622294,0.0726064258350241,"Achziv","Fall",25,"2015-11-18",4,2015,"Achziv25","R"
"106","Achziv254Fall2017",0,0,0,0,0,7,4,0,0,0,0,0,0,0,1,0,0,0,0,0,0,0,0,0,0,0,0,0,3,0,0,0,0,0,0,10,0,0,0,0,0,4,0,0,9,0,0,0,0,0,0,0,2,1,0.765611089914791,0,0,0,0.0616812921276866,0.172707617957523,"Achziv","Fall",25,"2017-11-09",4,2017,"Achziv25","R"
"107","Achziv254Fall2018",0,0,0,0,0,70,0,0,0,0,0,0,0,0,0,0,0,0,0,0,0,0,0,0,2,0,0,0,11,0,0,0,0,0,0,3,0,0,0,0,0,0,0,0,6,0,0,0,0,0,0,0,0,0,0.670129507127551,0,0,0,0.248532563123078,0.0813379297493711,"Achziv","Fall",25,"2018-10-31",4,2018,"Achziv25","R"
"108","Achziv254Fall2019",0,0,0,0,0,90,2,1,0,0,0,0,0,0,0,0,0,0,0,0,0,0,0,0,0,0,0,0,4,0,0,0,0,0,0,10,0,0,0,0,0,0,0,0,3,0,2,0,0,0,0,0,2,0,0.857590422784465,0.0423946595369164,0,0.0130806307115486,0.0574094347895743,0.0295248521774953,"Achziv","Fall",25,"2019-11-05",4,2019,"Achziv25","R"
"109","Achziv254Fall2020",0,0,0,0,0,10,12,0,0,0,0,0,0,0,0,0,1,0,0,0,0,0,0,0,9,0,0,0,2,0,0,0,0,0,0,1,0,0,0,0,0,1,0,0,20,0,0,0,0,0,0,0,3,0,0.808489634748273,0.00518931312295004,0,0,0.128497277330191,0.0578237747985861,"Achziv","Fall",25,"2020-10-19",4,2020,"Achziv25","R"
"110","Achziv254Fall2021",0,0,0,0,0,40,0,1,0,0,0,0,0,0,0,0,0,0,0,0,0,0,0,0,3,0,0,0,18,0,1,0,0,0,0,0,0,0,0,0,0,0,1,11,1,0,0,0,0,0,0,0,10,1,0.0426520609582987,0.715304746855219,0,0,0.140722786154931,0.10132040603155,"Achziv","Fall",25,"2021-10-14",4,2021,"Achziv25","R"
"111","Achziv254Fall2022",0,0,0,0,0,53,4,0,0,0,0,0,0,0,0,0,1,0,0,0,0,0,0,0,1,0,0,0,3,0,1,0,0,0,0,5,0,0,0,0,0,0,2,0,0,0,4,0,0,0,0,0,0,0,0.565873718962937,0.139651919988945,0,0,0.148587980345381,0.145886380702737,"Achziv","Fall",25,"2022-10-30",4,2022,"Achziv25","R"
"112","Achziv254Spring2015",0,0,0,0,0,1,2,0,0,0,0,0,0,0,0,0,1,0,0,0,0,0,0,0,0,0,0,0,0,0,0,0,0,0,0,1,0,0,0,0,0,0,0,0,0,0,0,0,0,0,0,0,2,0,0.583368094480799,0,0.227598613030216,0,0.0410941940193446,0.14793909846964,"Achziv","Spring",25,"2015-05-20",4,2015,"Achziv25","R"
"113","Achziv254Spring2016",0,0,0,0,0,4,9,0,0,0,0,0,0,0,0,1,0,1,0,0,0,0,0,0,0,0,0,0,0,0,0,0,0,0,0,1,0,0,0,0,0,1,0,0,0,0,0,0,0,0,0,0,4,0,0.70511366214438,0,0,0,0.110032215617769,0.184854122237851,"Achziv","Spring",25,"2016-04-11",4,2016,"Achziv25","R"
"114","Achziv254Spring2017",0,0,0,0,0,1,1,0,0,0,0,0,0,0,0,0,0,0,0,0,0,0,0,0,0,0,0,0,0,0,0,0,0,0,0,13,0,0,0,0,0,0,0,0,0,0,0,0,0,0,0,0,5,0,0.617495073397588,0,0,0.0180521465098149,0.0792288652375212,0.285223914855076,"Achziv","Spring",25,"2017-04-20",4,2017,"Achziv25","R"
"115","Achziv254Spring2018",0,0,0,0,0,0,7,0,0,0,0,0,0,0,0,0,1,20,0,0,0,0,0,0,1,0,0,0,0,0,0,0,0,0,0,16,0,0,0,0,0,0,0,0,0,0,0,0,0,0,0,0,2,0,0.526332832495726,0,0,0,0.270128490751775,0.2035386767525,"Achziv","Spring",25,"2018-04-10",4,2018,"Achziv25","R"
"116","Achziv254Spring2019",0,0,0,0,0,1,2,0,0,0,0,0,0,0,0,1,2,0,0,0,0,0,0,0,0,0,0,0,0,0,0,0,0,0,0,19,0,0,0,0,0,0,0,0,0,0,0,0,0,0,0,0,1,0,0.595751014460965,0.00911839817005343,0,0,0.141118066917493,0.254012520451488,"Achziv","Spring",25,"2019-05-01",4,2019,"Achziv25","R"
"117","Achziv254Spring2020",0,0,0,0,0,0,10,0,0,0,0,0,0,0,0,1,0,0,0,0,0,0,0,0,0,0,0,0,0,0,0,0,0,0,0,9,0,0,0,0,0,0,0,0,0,0,0,0,0,0,0,0,1,0,0.641248844554229,0.0514484184629944,0,0.0126992931649163,0.151282849528091,0.14332059428977,"Achziv","Spring",25,"2020-05-11",4,2020,"Achziv25","R"
"118","Achziv254Spring2021",0,0,0,0,0,0,4,0,0,0,0,0,0,0,0,2,0,0,0,0,0,0,0,0,2,0,0,0,0,0,0,0,0,0,0,4,0,0,0,0,0,0,0,0,0,0,0,0,0,0,0,0,3,0,0.265699513879117,0.0881123174231601,0,0.0189123851376073,0.456523963460576,0.17075182009954,"Achziv","Spring",25,"2021-04-20",4,2021,"Achziv25","R"
"119","Achziv254Spring2022",0,0,0,0,0,0,1,0,1,0,0,0,0,0,0,9,1,0,0,0,0,0,0,0,14,0,0,0,0,0,0,0,0,0,0,3,0,0,0,0,0,0,0,0,0,0,0,0,1,0,0,0,4,0,0.356742880871786,0.0473217906934199,0.0295761191833874,0,0.500446715071286,0.0659124941801205,"Achziv","Spring",25,"2022-05-10",4,2022,"Achziv25","R"
"120","Achziv451Fall2015",0,0,0,0,0,16,0,0,0,0,0,0,0,0,0,0,1,6,0,0,0,0,0,0,0,0,0,0,0,0,0,0,0,0,0,0,0,0,0,0,0,0,0,0,0,0,0,0,0,0,0,0,1,0,0.0610650702052232,0.266633409106909,0.0253132983329344,0.141626302065279,0.329072878328147,0.0940208223794706,"Achziv","Fall",45,"2015-12-23",1,2015,"Achziv45","R"
"121","Achziv451Fall2017",0,0,0,0,0,10,9,0,0,0,0,0,0,0,0,0,0,0,0,0,0,0,0,0,0,0,0,0,0,0,0,0,0,0,0,0,0,0,0,0,0,1,0,0,0,0,0,0,0,0,0,0,0,0,0.0161604679694469,0.405959242811977,0,0.0992129995592625,0.223937913290907,0.156756539303635,"Achziv","Fall",45,"2017-11-15",1,2017,"Achziv45","R"
"122","Achziv451Fall2018",0,0,0,0,0,13,1,0,0,0,0,0,0,0,0,0,0,0,0,0,0,0,0,0,0,0,0,0,3,0,0,0,0,0,0,0,0,0,0,0,0,4,0,0,0,0,0,0,0,0,0,0,0,0,0.0301899543449129,0.705825650556193,0,0,0.147195994332472,0.0557795346944104,"Achziv","Fall",45,"2018-11-21",1,2018,"Achziv45","R"
"123","Achziv451Fall2019",0,0,0,0,0,0,0,0,0,0,0,0,10,0,0,0,3,0,0,0,0,0,0,0,24,0,0,0,0,0,2,0,0,0,0,0,0,20,0,0,0,0,0,0,0,0,0,0,0,0,0,0,0,0,0.179694342425884,0.313845640116137,0,0.0980610476248146,0.196744705075818,0.0664013379630887,"Achziv","Fall",45,"2019-11-10",1,2019,"Achziv45","R"
"124","Achziv451Fall2020",0,0,0,0,0,10,0,0,0,0,0,0,0,0,0,0,0,0,0,0,0,0,0,0,0,0,0,0,0,0,0,0,0,0,0,0,21,60,0,0,0,0,0,0,0,0,0,0,0,0,0,0,5,0,0.00975827194664692,0.391565257565111,0,0.135792324388361,0.110180700180659,0.234384398566129,"Achziv","Fall",45,"2020-11-01",1,2020,"Achziv45","R"
"125","Achziv451Fall2021",0,0,0,0,1,23,3,0,0,0,0,0,0,0,0,0,2,0,0,0,0,0,0,0,0,0,2,0,6,0,1,0,0,0,0,0,0,0,0,0,0,1,0,0,0,0,3,0,0,0,0,0,4,0,0.0939451528104807,0.285309273798523,0.110680321732186,0.0303553625003885,0.095161652282964,0.0548131117149873,"Achziv","Fall",45,"2021-11-09",1,2021,"Achziv45","R"
"126","Achziv451Fall2022",0,0,0,0,0,0,1,0,0,0,0,0,0,0,0,0,0,0,0,0,0,1,0,0,2,0,0,0,6,0,3,0,0,0,0,0,0,0,0,0,0,0,0,0,0,0,8,0,0,0,0,0,1,0,0.203005132514388,0.16648390423945,0,0.0336837116898659,0.15205789848568,0.0456173695457042,"Achziv","Fall",45,"2022-10-31",1,2022,"Achziv45","R"
"127","Achziv451Spring2015",0,0,0,0,0,0,2,0,0,0,0,0,0,0,0,0,0,0,0,0,0,0,0,0,0,0,0,0,0,0,0,0,0,0,0,0,0,0,0,0,0,0,0,0,0,0,0,0,0,0,0,0,0,0,0.25584457794776,0.153527572538127,0,0.0299179313573631,0.443940944400661,0.0675290450637625,"Achziv","Spring",45,"2015-06-17",1,2015,"Achziv45","R"
"128","Achziv451Spring2016",0,0,0,0,0,139,4,0,0,0,0,0,2,0,0,1,0,6,0,0,0,0,0,0,0,0,0,0,0,0,0,0,0,0,0,0,0,0,0,0,0,1,1,0,0,0,0,0,0,0,0,0,0,0,0.0632713495235047,0.336950951580076,0,0.0182794367945792,0.30944475145109,0.226926151064133,"Achziv","Spring",45,"2016-05-26",1,2016,"Achziv45","R"
"129","Achziv451Spring2017",0,0,0,0,0,2,7,0,0,0,0,0,0,0,0,0,0,0,0,0,0,0,0,0,0,0,0,0,0,0,0,0,0,0,0,0,0,0,0,0,0,3,0,0,0,0,0,0,0,0,0,0,0,0,0.260002597179747,0.361244987805707,0,0,0.324398423793779,0,"Achziv","Spring",45,"2017-05-04",1,2017,"Achziv45","R"
"130","Achziv451Spring2018",0,0,0,0,0,10,4,0,0,0,0,0,0,0,0,0,0,0,0,0,0,0,0,0,6,0,0,0,0,0,2,0,0,0,0,0,0,0,0,0,0,0,0,0,0,0,0,0,0,0,0,0,0,0,0.188444352599218,0.464231167038073,0.0669564183227991,0.0330544343618881,0.172705047261188,0.0746085804168332,"Achziv","Spring",45,"2018-05-17",1,2018,"Achziv45","R"
"131","Achziv451Spring2019",0,0,0,0,0,3,6,0,0,0,0,0,0,0,0,0,0,0,0,0,0,0,0,0,0,0,0,0,0,0,0,0,0,0,0,0,0,0,0,0,0,4,0,0,0,0,0,0,0,0,0,0,0,0,0.115615517176076,0.194899434510211,0.0838706582933287,0.173504580628514,0.210152102979883,0.12460783517866,"Achziv","Spring",45,"2019-05-05",1,2019,"Achziv45","R"
"132","Achziv451Spring2020",0,0,0,0,0,0,7,0,0,0,0,0,0,0,0,0,0,0,0,0,0,0,0,0,0,0,0,0,0,0,0,0,0,0,0,0,0,0,0,0,0,1,0,0,0,0,50,0,0,0,0,0,1,0,0.140734528072795,0.189017296934692,0.0525048047040811,0.0691202492306891,0.33044690579632,0.175516061439357,"Achziv","Spring",45,"2020-06-08",1,2020,"Achziv45","R"
"133","Achziv451Spring2021",0,0,0,0,0,5,0,0,0,0,0,0,2,0,0,3,0,0,0,0,0,0,0,0,4,0,0,0,0,0,1,0,0,0,0,0,0,60,0,0,0,0,0,0,0,0,0,0,0,0,0,0,0,0,0.198374565512104,0.300734872454002,0.0704847357314068,0.0347962619433527,0.290889385558187,0.104720178800947,"Achziv","Spring",45,"2021-05-18",1,2021,"Achziv45","R"
"134","Achziv451Spring2022",0,0,0,0,0,10,0,0,0,0,0,0,0,0,0,0,3,0,0,0,0,0,0,0,0,0,0,0,0,0,0,0,0,0,0,0,0,0,0,0,0,0,0,0,0,0,0,0,0,0,0,0,0,0,0.215355997668211,0.0164808929181984,0.0618033484432439,0.0254254281570307,0.159413398762336,0.195122000085099,"Achziv","Spring",45,"2022-05-19",1,2022,"Achziv45","R"
"135","Achziv452Fall2015",0,0,0,0,0,0,4,0,0,0,0,0,1,0,0,1,0,5,0,0,0,0,0,0,2,0,0,0,0,0,0,0,0,0,0,0,0,0,0,0,0,0,0,0,0,0,0,0,0,0,0,0,0,0,0.0194629081190025,0.267856193617246,0.024203872917221,0.199145789825236,0.274694748187509,0.0179800198813642,"Achziv","Fall",45,"2015-12-23",2,2015,"Achziv45","R"
"136","Achziv452Fall2017",0,0,0,0,0,140,0,0,0,0,0,0,0,0,0,0,0,1,0,0,0,0,0,0,0,0,0,0,15,0,0,0,0,0,0,0,0,0,0,0,0,0,0,0,0,0,0,0,0,0,0,0,0,0,0.0137712446722567,0.470388053061595,0,0.0338179932457949,0.431134681088586,0.0508880279317675,"Achziv","Fall",45,"2017-11-15",2,2017,"Achziv45","R"
"137","Achziv452Fall2018",0,0,0,0,0,40,0,0,0,0,0,0,0,0,0,0,4,0,0,0,0,0,0,0,5,0,0,0,0,0,1,0,0,0,0,0,0,0,0,0,0,0,0,0,0,0,0,0,0,0,0,0,0,0,0.00817362414402744,0.662734212006245,0,0,0.0629239319024335,0.0679578464546282,"Achziv","Fall",45,"2018-11-21",2,2018,"Achziv45","R"
"138","Achziv452Fall2019",0,0,0,0,0,160,3,0,0,0,0,0,0,0,0,0,0,0,0,0,0,0,0,0,0,0,0,0,1,0,0,0,0,0,0,0,0,0,0,0,0,1,1,0,0,0,0,0,0,0,0,0,0,0,0.168006518059337,0.241826730631618,0,0.0351125930552237,0.176120308023027,0.118881207915543,"Achziv","Fall",45,"2019-11-10",2,2019,"Achziv45","R"
"139","Achziv452Fall2020",0,0,0,0,0,52,0,0,0,0,0,0,0,0,0,0,5,0,0,0,0,0,0,0,3,0,0,0,0,0,0,0,0,0,0,0,0,0,0,0,1,0,0,0,0,0,0,0,0,0,0,0,10,0,0.00344371314573663,0.445386900181938,0.0256953980874195,0.0761104196513438,0.174973425071476,0.190880100077973,"Achziv","Fall",45,"2020-11-01",2,2020,"Achziv45","R"
"140","Achziv452Fall2021",0,7,0,0,0,30,0,0,0,0,0,0,2,0,0,8,10,0,0,0,0,0,0,0,16,0,0,0,0,0,0,0,0,0,0,0,0,30,0,0,0,0,0,0,0,0,0,0,0,0,0,0,0,0,0.115356627923571,0.141891341311679,0.172147583209022,0.00515056060234128,0.190529864821529,0.0697533064431362,"Achziv","Fall",45,"2021-11-09",2,2021,"Achziv45","R"
"141","Achziv452Fall2022",0,0,0,0,0,2,0,0,1,0,0,0,2,0,0,3,3,0,0,0,0,0,0,0,11,0,0,0,0,0,2,0,0,0,0,0,1,50,0,0,0,0,0,0,0,0,0,0,0,0,0,0,0,0,0.253146888336049,0.223471380949309,0,0.0612896192477008,0.186648432312159,0.05928832555798,"Achziv","Fall",45,"2022-10-31",2,2022,"Achziv45","R"
"142","Achziv452Spring2015",0,0,0,0,0,0,2,0,0,0,0,0,0,0,0,0,0,0,0,0,0,0,0,0,0,0,0,0,0,0,0,0,0,0,0,0,0,0,0,0,0,2,0,0,0,0,0,0,0,0,0,0,0,0,0.30171593123895,0.122290939651267,0.0555867907505758,0.0182943868293034,0.349843849723862,0.0619395668363559,"Achziv","Spring",45,"2015-06-17",2,2015,"Achziv45","R"
"143","Achziv452Spring2016",0,0,0,0,0,51,4,0,0,0,0,0,0,0,0,0,0,0,0,0,0,0,0,0,0,0,0,0,0,0,0,0,0,0,0,0,0,0,0,0,0,3,0,0,0,0,0,0,0,0,0,0,0,0,0.0611517985344966,0.275561256865252,0,0.0706683479713617,0.393232900566833,0.199385696062056,"Achziv","Spring",45,"2016-05-26",2,2016,"Achziv45","R"
"144","Achziv452Spring2017",0,0,0,0,0,4,1,0,0,0,0,0,0,0,0,0,0,0,0,0,0,0,0,0,1,0,0,0,0,0,0,0,0,0,0,0,0,0,0,0,0,1,0,0,0,0,0,0,0,0,0,0,0,0,0.265795844559279,0.468556345325642,0,0,0.136413740329365,0.129234069785714,"Achziv","Spring",45,"2017-05-04",2,2017,"Achziv45","R"
"145","Achziv452Spring2018",0,0,0,0,0,13,1,0,0,0,0,0,0,0,0,0,0,0,0,0,0,0,0,0,1,0,0,0,0,0,0,0,0,0,0,0,0,0,0,0,0,4,0,0,0,0,0,0,0,0,0,0,0,0,0.293130357164162,0.437440686844979,0,0,0.170957459385063,0.0984714966057962,"Achziv","Spring",45,"2018-05-17",2,2018,"Achziv45","R"
"146","Achziv452Spring2019",0,0,0,0,0,16,2,0,0,0,0,0,3,0,0,0,0,0,0,0,0,0,0,0,10,0,0,0,0,0,2,0,0,0,0,0,0,100,0,0,0,0,0,0,0,0,0,0,0,0,0,0,0,0,0.15340337491051,0.335756720060541,0.067330893060269,0.124093392779432,0.155609175072622,0.120041363627451,"Achziv","Spring",45,"2019-05-05",2,2019,"Achziv45","R"
"147","Achziv452Spring2020",0,0,0,0,0,2,5,0,0,0,0,0,0,0,0,0,0,0,0,0,0,0,0,0,0,0,0,0,0,0,0,0,0,0,0,0,0,0,0,0,0,1,0,0,0,0,0,0,0,0,0,0,0,0,0.395513761605047,0.17963467834771,0,0.0316715752963866,0.178718174886753,0.214461809864103,"Achziv","Spring",45,"2020-06-08",2,2020,"Achziv45","R"
"148","Achziv452Spring2021",0,0,0,0,0,15,1,0,0,0,0,0,0,0,0,0,0,0,0,0,0,0,0,0,1,0,0,0,0,0,1,0,0,0,0,0,0,0,0,0,0,0,0,0,0,0,0,0,0,0,0,0,0,0,0.0752795879635384,0.279148644597662,0.102127552901584,0,0.194933940260562,0.265531637544117,"Achziv","Spring",45,"2021-05-18",2,2021,"Achziv45","R"
"149","Achziv452Spring2022",0,0,0,0,0,13,0,0,0,0,0,0,1,0,0,4,1,0,0,0,0,0,0,0,20,0,0,0,0,0,1,0,0,0,0,0,1,100,0,0,0,0,0,0,0,0,0,0,0,0,0,0,0,0,0.181662851469725,0.047081249245375,0.0683437489045766,0.0149952529242109,0.115171873154009,0.110000891094033,"Achziv","Spring",45,"2022-05-19",2,2022,"Achziv45","R"
"150","Achziv453Fall2015",0,0,0,0,0,0,9,0,0,0,0,0,0,0,0,0,1,0,0,0,0,0,0,0,0,0,0,0,0,0,0,0,0,0,0,0,0,0,0,0,0,3,0,0,0,0,2,0,0,0,0,0,0,0,0.0146934610164006,0.190035429145448,0.109635824506989,0.202062987952122,0.285053143718172,0.162887510696098,"Achziv","Fall",45,"2015-12-23",3,2015,"Achziv45","R"
"151","Achziv453Fall2017",0,0,0,0,0,55,7,0,0,0,0,0,0,0,0,0,1,0,0,0,0,0,0,0,0,0,0,0,0,0,0,0,0,0,0,0,0,0,0,0,0,1,0,0,0,0,0,0,0,0,0,0,0,0,0.0644901043367784,0.582369810050309,0,0.0974572949665824,0.168036486757857,0.0274968796512858,"Achziv","Fall",45,"2017-11-11",3,2017,"Achziv45","R"
"152","Achziv453Fall2018",0,0,0,0,0,52,0,0,0,0,0,0,7,6,0,1,3,0,0,0,0,0,0,0,30,0,0,0,0,0,0,0,0,0,0,0,0,50,0,0,0,0,0,0,0,0,0,0,0,0,0,0,0,0,0.0456342548509999,0.726403728500019,0,0,0.171752204324575,0.0562098123244062,"Achziv","Fall",45,"2018-11-21",3,2018,"Achziv45","R"
"153","Achziv453Fall2019",0,0,0,0,0,1,0,0,0,0,0,0,0,0,0,0,4,0,0,0,0,0,0,0,9,0,0,0,0,0,0,0,0,0,0,1,0,0,0,0,0,0,0,0,0,0,0,0,0,0,0,0,0,0,0.0512116071971404,0.38015780048749,0.0293936443675895,0.0870647187596954,0.181960655608887,0.174682229384532,"Achziv","Fall",45,"2019-11-10",3,2019,"Achziv45","R"
"154","Achziv453Fall2020",0,0,0,0,0,20,3,0,0,0,0,0,0,0,0,0,0,0,0,0,0,0,0,0,0,0,0,0,2,0,0,0,0,0,0,0,0,0,0,0,0,1,0,0,0,0,20,0,0,0,0,0,0,0,0.0211877816490528,0.518546508420202,0,0.114467660858427,0.228357202217569,0.11744084685475,"Achziv","Fall",45,"2020-11-01",3,2020,"Achziv45","R"
"155","Achziv453Fall2021",0,0,0,0,0,8,2,0,0,0,0,0,0,0,0,0,0,0,0,0,0,0,0,0,0,0,0,3,0,0,0,0,0,0,0,0,0,0,0,0,0,1,0,0,0,0,0,0,0,0,0,0,2,1,0.253699472805119,0.199261934106045,0.199261934106045,0.0163949692618898,0.179889246067957,0.111017363287654,"Achziv","Fall",45,"2021-11-09",3,2021,"Achziv45","R"
"156","Achziv453Fall2022",0,0,0,0,0,0,3,0,0,0,0,0,0,0,0,0,0,0,0,0,0,0,0,0,0,0,0,0,2,0,0,0,0,0,0,0,0,0,0,0,0,0,0,0,0,0,16,0,0,0,0,0,0,0,0.318190588440676,0.150162527536303,0,0.0601061092088521,0.376855764087248,0.0452226916904697,"Achziv","Fall",45,"2022-10-31",3,2022,"Achziv45","R"
"157","Achziv453Spring2015",0,0,0,0,0,10,0,0,0,0,0,0,0,0,0,0,0,0,0,0,0,0,0,0,0,0,0,0,0,0,0,0,0,0,0,0,0,0,0,0,0,1,0,0,0,0,0,0,0,0,0,0,0,0,0.0923616195471875,0.22420664732747,0.165398346389117,0.00907248313526804,0.443687627615251,0.0204778905053193,"Achziv","Spring",45,"2015-07-06",3,2015,"Achziv45","R"
"158","Achziv453Spring2016",0,0,0,0,0,1,1,0,0,0,0,0,0,0,0,0,0,2,0,0,0,0,0,0,0,0,0,0,0,0,0,0,0,0,0,0,0,0,0,0,0,2,0,0,0,0,0,0,0,0,0,0,1,0,0.224507548022319,0.281120768796824,0.028882270766797,0.0855500172079809,0.286072015213989,0,"Achziv","Spring",45,"2016-05-26",3,2016,"Achziv45","R"
"159","Achziv453Spring2017",0,0,0,0,0,0,0,0,0,0,0,0,0,5,0,25,0,19,0,0,0,0,0,0,0,0,0,0,0,0,0,0,0,0,0,0,0,40,0,0,0,0,0,0,0,0,0,0,0,0,0,0,0,0,0.18562472874572,0.381133240102233,0.0294690649563582,0,0.206751217630323,0.197021748565366,"Achziv","Spring",45,"2017-05-04",3,2017,"Achziv45","R"
"160","Achziv453Spring2018",0,0,0,0,0,2,5,0,0,0,0,0,0,0,0,0,0,0,0,0,0,0,0,0,0,0,0,0,0,0,0,0,0,0,0,0,0,0,0,0,0,1,0,0,0,0,0,0,0,0,0,0,0,0,0.169919597670227,0.388810894771566,0,0,0.409874839036279,0.0313946685219277,"Achziv","Spring",45,"2018-05-17",3,2018,"Achziv45","R"
"161","Achziv453Spring2019",0,0,0,0,0,0,4,0,0,0,0,0,0,0,0,0,0,0,0,0,0,0,0,0,0,0,0,0,0,0,0,0,0,0,0,0,0,0,0,0,0,1,0,0,0,0,0,0,0,0,0,0,0,0,0.121871498909237,0.242493033727097,0.0826680796796921,0.202110748149989,0.158400288728662,0.0965023297485385,"Achziv","Spring",45,"2019-05-05",3,2019,"Achziv45","R"
"162","Achziv453Spring2020",0,0,0,0,0,0,0,0,0,0,3,0,35,0,0,11,1,0,0,0,0,0,0,0,5,0,0,0,0,0,0,0,0,0,0,0,0,100,0,0,0,0,0,0,0,0,0,0,0,0,0,0,0,0,0.296950429831345,0.0690251418491264,0,0.0272605623505411,0.106824624290315,0.23074118846708,"Achziv","Spring",45,"2020-06-08",3,2020,"Achziv45","R"
"163","Achziv453Spring2021",0,0,0,0,0,0,12,0,0,0,0,0,0,0,0,0,0,0,0,0,0,0,0,0,2,0,0,0,2,0,1,0,0,0,0,0,0,0,0,0,0,0,0,0,0,0,0,1,0,0,0,0,0,0,0.165056509255027,0.232035962286052,0.133866901318876,0.0881149223871085,0.154690641524035,0.139221577371631,"Achziv","Spring",45,"2021-05-18",3,2021,"Achziv45","R"
"164","Achziv453Spring2022",0,0,0,0,0,56,0,0,0,0,0,0,0,0,0,0,0,0,0,0,0,0,0,0,0,0,0,0,0,0,0,0,0,0,0,0,0,0,0,0,0,0,0,0,0,0,12,0,0,0,0,0,1,0,0.306070159309142,0.0199672504097431,0,0.0862509392699345,0.158371197446325,0.125151873103925,"Achziv","Spring",45,"2022-05-19",3,2022,"Achziv45","R"
"165","Achziv454Fall2015",0,0,0,0,0,20,3,0,0,0,0,20,0,0,0,0,0,8,0,0,0,0,0,0,0,0,0,0,0,0,0,0,0,0,0,0,0,101,0,0,0,3,0,0,0,0,0,0,0,0,0,0,0,0,0.0572271948758306,0.320252186708975,0.186813775580235,0.140532605138116,0.176223425490653,0.118950812206191,"Achziv","Fall",45,"2015-12-23",4,2015,"Achziv45","R"
"166","Achziv454Fall2017",0,0,0,0,0,0,0,0,0,0,0,0,2,0,0,5,3,0,0,0,0,0,0,0,51,0,0,0,0,0,2,0,0,0,0,0,0,20,0,0,0,0,0,0,0,0,0,0,0,0,0,0,0,0,0.0239873853884166,0.532971000476306,0,0,0.178509299200042,0.0221597750731087,"Achziv","Fall",45,"2017-11-15",4,2017,"Achziv45","R"
"167","Achziv454Fall2018",0,0,0,0,0,5,3,0,0,0,0,0,0,0,0,0,0,0,0,0,0,0,0,0,0,0,0,0,2,0,1,0,0,0,0,0,0,0,0,0,0,4,0,0,0,0,0,0,0,0,0,0,0,0,0.0336480605450679,0.68385677336357,0,0.0708252124312098,0.185026183269364,0.0266437703907884,"Achziv","Fall",45,"2018-11-21",4,2018,"Achziv45","R"
"168","Achziv454Fall2019",0,0,0,0,0,26,2,0,0,0,0,0,0,0,0,0,0,0,0,0,0,0,0,0,0,0,0,0,0,0,0,0,0,0,0,0,0,0,0,0,0,2,0,0,0,0,0,0,0,0,0,0,1,0,0.0699159266277243,0.396477085461218,0,0.145938434188756,0.0861186651795462,0.174390296988581,"Achziv","Fall",45,"2019-11-10",4,2019,"Achziv45","R"
"169","Achziv454Fall2020",0,0,0,0,0,5,0,0,0,0,0,0,20,1,0,0,2,0,0,0,0,0,0,0,6,0,0,0,0,0,2,0,0,0,0,0,2,0,0,0,0,0,0,0,0,0,0,0,0,0,0,0,2,0,0.0124750679040759,0.554362162793775,0,0.0408466358378183,0.134453509632818,0.207442557719206,"Achziv","Fall",45,"2020-11-01",4,2020,"Achziv45","R"
"170","Achziv454Fall2021",0,0,0,0,0,40,2,0,0,0,0,0,0,0,0,7,2,0,0,0,0,0,0,0,5,1,0,0,13,0,1,0,0,0,0,0,0,0,0,0,0,0,0,0,0,0,3,0,0,0,0,0,2,0,0.0988463519034148,0.102949109137867,0.126765694087673,0.0341348359223422,0.0594500008347671,0.128412001803097,"Achziv","Fall",45,"2021-11-09",4,2021,"Achziv45","R"
"171","Achziv454Fall2022",0,0,0,0,0,0,0,0,0,0,0,0,0,0,0,5,3,0,0,0,0,0,0,0,3,0,0,0,0,0,4,0,0,0,0,0,0,0,0,0,0,0,0,0,0,0,0,0,0,0,0,1,0,0,0.129016118119631,0.203693006110391,0,0.0344374338404078,0.168415450257613,0.12436833249793,"Achziv","Fall",45,"2022-10-31",4,2022,"Achziv45","R"
"172","Achziv454Spring2015",0,0,0,0,0,2,0,0,0,0,0,0,0,0,0,0,0,0,0,0,0,0,0,0,0,0,0,0,0,0,0,0,0,0,0,0,0,0,0,0,0,1,0,0,0,0,0,0,0,0,0,0,0,0,0.065266678670354,0.239223075936142,0.281941482353311,0.00843553341908639,0.386093025618026,0.0190402040030807,"Achziv","Spring",45,"2015-07-06",4,2015,"Achziv45","R"
"173","Achziv454Spring2016",0,0,0,0,0,0,1,0,0,0,0,0,0,0,0,5,4,23,0,0,0,0,0,0,0,0,0,0,0,0,0,0,0,0,0,0,0,0,0,0,0,0,1,0,0,0,0,0,0,0,0,0,1,0,0.072885331616043,0.524642468483263,0,0.0631709054363917,0.244244122474303,0.095057171989999,"Achziv","Spring",45,"2016-05-26",4,2016,"Achziv45","R"
"174","Achziv454Spring2017",0,0,0,0,0,0,1,0,0,0,0,0,0,0,0,0,0,0,0,0,0,0,0,0,0,0,0,0,0,0,0,0,0,0,0,0,0,0,0,0,0,1,0,0,0,0,0,0,0,0,0,0,0,0,0.479054282313871,0.291794445114258,0.0364743056392822,0,0.165581768457694,0.0270951984748953,"Achziv","Spring",45,"2017-05-04",4,2017,"Achziv45","R"
"175","Achziv454Spring2018",0,0,0,0,0,0,0,0,0,0,0,0,9,0,0,1,0,0,0,0,0,0,0,0,0,0,0,0,0,0,0,0,0,0,0,0,0,50,0,0,0,0,0,0,0,0,0,0,0,0,0,0,0,0,0.190360312272346,0.335726368916682,0,0.0106242521809077,0.16653093696264,0.191843639380961,"Achziv","Spring",45,"2018-05-17",4,2018,"Achziv45","R"
"176","Achziv454Spring2019",0,0,0,0,0,4,1,0,0,0,0,0,0,0,0,0,0,0,0,0,0,0,0,0,0,0,0,0,0,0,1,0,0,0,0,0,0,0,0,0,0,1,0,0,0,0,0,0,0,0,0,0,0,0,0.0935393277823597,0.31836192262768,0.085712825322837,0.173285603455573,0.164234325165073,0.0454802746610972,"Achziv","Spring",45,"2019-05-05",4,2019,"Achziv45","R"
"177","Achziv454Spring2020",0,0,0,0,0,3,0,0,0,0,0,0,0,0,0,1,0,0,0,0,0,0,0,0,0,0,0,0,0,0,1,0,0,0,0,0,0,0,0,0,0,2,0,0,0,0,0,0,0,0,0,0,0,0,0.398474351274116,0.115092839921357,0.0719330249508484,0,0.0593732904356209,0.160307884176176,"Achziv","Spring",45,"2020-06-08",4,2020,"Achziv45","R"
"178","Achziv454Spring2021",0,0,0,0,0,0,1,0,0,0,0,0,0,0,0,1,0,0,0,0,0,0,0,0,0,0,0,0,0,0,0,0,0,0,0,0,0,0,0,0,0,2,0,0,0,0,8,0,0,0,0,0,0,0,0.0915987758034806,0.141489822921274,0.03597198887829,0.0355166472469192,0.115053266015483,0.200415366607616,"Achziv","Spring",45,"2021-05-18",4,2021,"Achziv45","R"
"179","Achziv454Spring2022",0,0,0,0,0,7,5,0,0,0,0,0,0,0,0,2,0,0,0,0,0,0,0,0,2,0,0,0,0,0,1,0,0,0,0,0,0,0,0,0,0,0,0,0,0,0,0,0,0,0,0,0,0,0,0.368831863964262,0.0289689804085291,0,0.0178764277837442,0.160651389368728,0.188298372655439,"Achziv","Spring",45,"2022-05-19",4,2022,"Achziv45","R"
"180","SdotYam101Fall2015",0,0,0,0,0,1,5,0,0,0,0,1,0,0,0,0,0,0,0,0,0,0,0,0,0,0,0,0,0,0,0,0,0,0,0,0,0,0,0,0,0,0,0,0,0,0,0,0,0,0,0,0,2,0,0.861188021478214,0,0.0760448230162829,0,0.0627671555055033,0,"SdotYam","Fall",10,"2015-11-16",1,2015,"SdotYam10","N"
"181","SdotYam101Fall2016",0,0,0,0,0,0,7,0,0,0,0,0,0,0,0,0,0,0,0,0,0,0,0,0,0,0,0,0,0,0,0,0,0,0,0,0,0,0,0,0,0,0,0,0,5,0,0,0,0,0,0,0,22,0,0.966724578662565,0.010018406424174,0,0,0.0232570149132611,0,"SdotYam","Fall",10,"2016-10-25",1,2016,"SdotYam10","N"
"182","SdotYam101Fall2017",0,0,0,0,0,14,0,0,0,0,0,0,0,0,0,0,0,0,0,0,0,0,0,0,0,0,0,0,1,0,0,0,0,0,0,0,0,0,0,0,0,0,0,2,33,0,0,0,0,0,0,0,4,0,0.777062744196736,0,0,0,0.222937255803264,0,"SdotYam","Fall",10,"2017-11-08",1,2017,"SdotYam10","N"
"183","SdotYam101Fall2018",0,0,0,0,0,43,1,0,0,0,0,0,0,0,0,0,1,0,0,0,0,0,0,0,0,0,0,0,31,0,0,0,0,0,0,0,0,0,0,0,0,0,0,0,82,0,0,0,0,0,0,0,3,0,0.947391775958978,0,0,0,0.0239128291095553,0.0286953949314663,"SdotYam","Fall",10,"2018-10-16",1,2018,"SdotYam10","N"
"184","SdotYam101Fall2019",0,0,0,0,0,36,0,0,0,0,0,0,0,0,0,0,3,0,0,0,0,0,0,0,1,0,0,0,0,0,0,0,0,0,0,0,0,0,0,0,0,0,0,0,0,0,0,0,0,0,0,0,7,0,0.0875164418804853,0.600766713339577,0.195902189132471,0.0214913793984989,0.0943232762489675,0,"SdotYam","Fall",10,"2019-11-04",1,2019,"SdotYam10","N"
"185","SdotYam101Fall2020",0,0,0,0,0,15,0,0,0,0,0,0,0,0,0,0,0,0,0,0,0,0,0,0,0,0,0,0,1,0,0,0,0,0,0,0,0,0,0,0,0,0,0,0,0,0,0,0,0,0,0,0,21,0,0.739644682811485,0.113207943562468,0.0771872342471372,0.0381050903245361,0.0318550490543741,0,"SdotYam","Fall",10,"2020-10-13",1,2020,"SdotYam10","N"
"186","SdotYam101Fall2021",0,0,0,0,0,13,0,0,0,0,0,0,0,0,0,0,1,0,0,0,0,0,0,0,5,0,0,0,1,0,0,0,0,0,0,0,0,0,0,0,0,0,0,4,0,0,0,0,0,0,0,0,3,0,0.849426262018409,0.0557189162575051,0,0,0.0431158280564027,0.0517389936676833,"SdotYam","Fall",10,"2021-10-12",1,2021,"SdotYam10","N"
"187","SdotYam101Fall2022",0,0,0,0,0,36,0,0,0,0,0,0,0,0,0,0,1,0,0,0,0,0,0,0,1,0,0,0,2,0,0,0,0,0,0,0,0,0,0,0,0,0,0,1,40,0,0,0,0,0,0,0,5,0,0.478245781460114,0.0589077343512775,0,0,0.462846484188609,0,"SdotYam","Fall",10,"2022-10-25",1,2022,"SdotYam10","N"
"188","SdotYam101Spring2015",0,0,0,0,0,4,8,0,0,0,0,0,0,0,0,0,1,0,0,0,0,0,0,0,0,0,0,0,0,0,0,0,0,0,0,0,0,0,0,0,0,0,0,0,0,0,0,0,0,0,0,0,1,0,0.952971977116261,0,0,0,0.047028022883739,0,"SdotYam","Spring",10,"2015-05-11",1,2015,"SdotYam10","N"
"189","SdotYam101Spring2016",0,0,0,0,0,47,0,0,0,0,1,0,0,0,0,0,0,1,0,0,0,0,0,0,0,0,0,0,0,0,0,0,0,0,0,0,0,0,0,0,0,0,0,0,0,0,0,0,0,0,0,0,8,0,0.816113744075829,0,0,0,0.183886255924171,0,"SdotYam","Spring",10,"2016-05-16",1,2016,"SdotYam10","N"
"190","SdotYam101Spring2017",0,0,0,0,0,2,0,0,0,0,0,0,0,0,0,0,0,0,0,0,0,0,0,0,0,0,0,0,0,0,0,0,0,0,0,0,0,0,0,0,0,0,0,0,0,0,0,0,0,0,0,0,22,0,0.897551540959994,0.00490631160738909,0.0367973370554182,0,0.0607448103771983,0,"SdotYam","Spring",10,"2017-05-05",1,2017,"SdotYam10","N"
"191","SdotYam101Spring2018",0,0,0,0,0,0,0,0,0,0,0,0,0,3,0,0,0,0,0,0,0,0,0,0,0,0,0,0,0,0,0,0,0,0,0,0,0,0,0,0,0,0,0,0,0,0,0,0,0,0,0,0,6,0,0.935766561459937,0.0100104060062436,0,0,0.0542230325338195,0,"SdotYam","Spring",10,"2018-05-11",1,2018,"SdotYam10","N"
"192","SdotYam101Spring2019",0,0,0,0,0,4,0,0,0,0,3,0,4,0,0,0,12,0,0,0,0,0,0,0,1,0,0,0,0,0,0,0,0,0,0,0,0,0,0,0,0,0,0,0,0,0,0,0,0,0,0,0,15,0,0.841730882093617,0.0167482862693499,0,0.0551209421522909,0.0863998894847417,0,"SdotYam","Spring",10,"2019-05-02",1,2019,"SdotYam10","N"
"193","SdotYam101Spring2020",0,0,0,0,0,160,0,0,0,0,0,0,0,0,0,0,7,0,0,0,0,0,0,0,3,0,0,0,0,0,0,0,0,0,0,0,0,0,0,0,0,0,0,0,0,0,0,0,0,0,0,0,4,0,0.932823485950967,0.0447248084706797,0,0.013799584892061,0.0086521206862922,0,"SdotYam","Spring",10,"2020-05-04",1,2020,"SdotYam10","N"
"194","SdotYam101Spring2021",0,0,0,0,0,14,1,0,0,0,0,0,2,0,0,0,1,0,0,0,0,0,0,0,0,0,0,0,0,0,0,0,0,0,0,0,0,0,0,0,0,0,0,4,1,0,0,0,0,0,0,0,20,0,0.263340979898334,0.105578266567736,0.0586545925376313,0.0193040431136508,0.465978151826738,0.0871439660559094,"SdotYam","Spring",10,"2021-04-18",1,2021,"SdotYam10","N"
"195","SdotYam101Spring2022",0,0,0,0,0,17,3,0,0,0,0,0,0,0,0,0,1,0,0,0,0,0,0,0,0,0,0,0,0,0,0,0,0,0,0,0,0,0,0,0,0,0,0,0,0,0,0,0,0,0,0,0,25,0,0.671862677562925,0.125933680625321,0,0.05977864586645,0.142424995945304,0,"SdotYam","Spring",10,"2022-05-03",1,2022,"SdotYam10","N"
"196","SdotYam102Fall2015",0,0,0,0,0,25,0,0,0,0,0,0,0,0,0,0,0,0,0,0,0,0,0,0,0,0,0,0,0,0,0,0,0,0,0,0,0,0,0,0,0,0,0,6,5,2,0,0,0,0,0,0,6,0,0.939888452799008,0.0058441782000964,0,0,0.0542673690008951,0,"SdotYam","Fall",10,"2015-11-16",2,2015,"SdotYam10","N"
"197","SdotYam102Fall2016",0,0,0,0,0,46,0,0,0,0,1,0,0,0,0,0,0,0,0,0,0,0,0,0,0,0,0,0,0,0,0,0,0,0,0,0,0,0,0,0,0,0,0,0,11,0,0,0,0,0,0,0,24,0,0.964828133821079,0.00623298894309988,0,0,0.0289388772358209,0,"SdotYam","Fall",10,"2016-10-25",2,2016,"SdotYam10","N"
"198","SdotYam102Fall2017",0,0,0,0,0,11,0,0,0,0,0,0,0,0,0,1,1,0,0,0,0,0,0,0,0,0,0,0,7,0,0,0,0,0,0,0,0,0,0,0,0,0,0,0,168,0,0,0,0,0,0,0,4,0,0.641978590489433,0.00925632453028243,0.0694224339771182,0,0.279342651003166,0,"SdotYam","Fall",10,"2017-11-08",2,2017,"SdotYam10","N"
"199","SdotYam102Fall2018",0,0,0,0,0,6,1,0,0,0,0,0,0,0,0,0,1,0,0,0,0,0,0,0,1,0,0,0,0,0,0,0,0,0,0,0,0,0,0,0,0,0,0,0,65,0,0,0,0,0,0,0,2,0,0.921570212851974,0.0274504255018091,0,0,0.050979361646217,0,"SdotYam","Fall",10,"2018-10-16",2,2018,"SdotYam10","N"
"200","SdotYam102Fall2019",0,0,0,0,0,77,0,0,0,0,1,0,3,0,0,0,10,0,0,0,0,0,0,0,0,0,0,0,5,0,0,0,0,0,0,0,0,0,0,0,0,0,0,0,10,0,0,0,0,0,0,0,13,0,0.427131702088631,0.527513316956145,0,0,0.0453549809552241,0,"SdotYam","Fall",10,"2019-11-04",2,2019,"SdotYam10","N"
"201","SdotYam102Fall2020",0,0,0,0,0,67,0,0,0,0,1,0,0,0,0,0,7,0,0,0,0,0,0,0,1,0,0,0,0,0,0,0,0,0,0,0,0,0,0,0,0,0,0,4,0,0,0,0,0,0,0,0,31,0,0.665695810612373,0.303078196956768,0,0.0138537853742545,0.0173722070566048,0,"SdotYam","Fall",10,"2020-10-13",2,2020,"SdotYam10","N"
"202","SdotYam102Fall2021",0,0,0,0,0,60,0,0,0,0,0,0,0,0,0,0,4,0,0,0,0,0,0,0,2,0,0,0,3,0,0,0,0,0,0,0,0,0,0,0,0,0,0,33,22,0,0,0,0,0,0,0,13,0,0.844264589990877,0.0824476101095385,0,0.0254387404610127,0.0478490594385715,0,"SdotYam","Fall",10,"2021-10-12",2,2021,"SdotYam10","N"
"203","SdotYam102Fall2022",0,0,0,0,0,40,0,0,0,0,0,0,0,0,0,1,2,0,1,0,0,0,0,0,0,0,0,0,0,0,0,0,0,0,0,0,0,0,0,0,0,1,0,1,0,0,0,0,0,0,0,0,23,0,0.435706138597193,0.0348325511900503,0,0.00955323133904333,0.455219055235049,0.0646890236386648,"SdotYam","Fall",10,"2022-10-25",2,2022,"SdotYam10","N"
"204","SdotYam102Spring2015",0,0,0,0,0,10,16,0,0,0,0,0,0,0,0,0,0,0,0,0,0,0,0,0,0,0,0,0,0,0,0,0,0,0,0,1,0,0,0,0,0,1,0,0,0,0,0,0,0,0,0,0,2,0,0.829344678056595,0.0166125831226618,0,0.0683429052514567,0.085699833569287,0,"SdotYam","Spring",10,"2015-05-11",2,2015,"SdotYam10","N"
"205","SdotYam102Spring2016",0,0,0,0,0,32,8,0,0,0,0,0,0,0,0,0,0,0,0,0,0,0,0,0,1,0,0,0,0,0,0,0,0,0,0,0,0,0,0,0,0,0,0,0,0,0,0,0,0,0,0,0,6,0,0.735267712859554,0.00471933618841202,0,0,0.233719506473738,0.0262934444782956,"SdotYam","Spring",10,"2016-05-16",2,2016,"SdotYam10","N"
"206","SdotYam102Spring2017",0,0,0,0,0,1,0,0,0,0,4,0,0,0,0,0,0,0,0,0,0,0,0,0,0,0,0,0,0,0,0,0,0,0,0,0,0,0,0,0,0,0,0,0,0,0,0,0,0,0,0,0,37,0,0.770868541094527,0.00453796076383973,0.136138822915192,0.0112012955563132,0.0772533796701287,0,"SdotYam","Spring",10,"2017-05-05",2,2017,"SdotYam10","N"
"207","SdotYam102Spring2018",0,0,0,0,0,2,0,0,0,0,0,0,0,5,0,1,0,0,0,0,0,0,0,0,0,0,0,0,0,0,0,0,0,0,0,0,0,0,0,0,0,1,1,0,20,0,0,0,0,0,0,0,8,0,0.657629918894563,0,0,0,0.342370081105437,0,"SdotYam","Spring",10,"2018-04-11",2,2018,"SdotYam10","N"
"208","SdotYam102Spring2019",0,0,0,0,0,2,0,0,0,0,0,0,2,0,0,0,6,0,0,0,0,0,0,0,0,0,0,0,0,0,0,0,0,0,0,0,0,0,0,0,0,0,0,0,0,0,0,0,0,0,0,0,22,0,0.854719974114762,0.00509183709437322,0,0.0251369173013361,0.0866824648208774,0.0283688066686508,"SdotYam","Spring",10,"2019-06-02",2,2019,"SdotYam10","N"
"209","SdotYam102Spring2020",0,0,0,0,0,40,0,0,0,0,0,0,0,1,0,0,4,0,0,0,0,0,0,0,3,0,0,0,0,0,0,0,0,0,0,0,0,0,0,0,0,0,0,0,0,0,0,0,0,0,0,0,2,0,0.423234964919773,0.255190623758931,0,0.0944851360120092,0.0197468935051554,0,"SdotYam","Spring",10,"2020-05-04",2,2020,"SdotYam10","N"
"210","SdotYam102Spring2021",0,0,0,0,0,5,0,0,0,0,0,0,0,0,0,0,1,0,0,0,0,0,0,0,0,0,0,0,0,0,0,0,0,0,0,0,0,0,0,0,0,0,0,3,0,0,0,0,0,0,0,0,39,0,0.247566885529478,0.14469967065755,0,0.0379968162917079,0.26205740759916,0.120069939481797,"SdotYam","Spring",10,"2021-04-18",2,2021,"SdotYam10","N"
"211","SdotYam102Spring2022",0,0,0,0,0,51,0,0,0,0,13,0,2,0,0,0,6,0,0,0,0,0,0,0,1,0,0,0,0,0,2,0,0,0,0,0,0,0,0,0,0,0,0,10,0,0,0,0,0,0,0,0,59,0,0.53797957403847,0.168800376011913,0,0.111786602823573,0.108318475896146,0.0229380301897721,"SdotYam","Spring",10,"2022-05-03",2,2022,"SdotYam10","N"
"212","SdotYam103Fall2015",0,0,0,0,0,4,0,0,0,0,0,0,0,0,0,0,0,1,0,0,0,0,0,0,0,0,0,0,0,0,0,0,0,0,0,0,0,0,0,0,0,0,0,0,3,0,0,0,0,0,0,0,15,0,0.864288870175087,0.00530775691085682,0,0,0.0657150855629891,0,"SdotYam","Fall",10,"2015-11-16",3,2015,"SdotYam10","N"
"213","SdotYam103Fall2016",0,0,0,0,0,0,0,0,0,0,0,0,0,0,0,0,0,0,0,0,0,0,0,0,0,0,0,0,0,0,0,0,0,0,0,0,0,0,0,0,0,0,0,0,2,0,0,0,0,0,0,0,1,0,0.975768173869598,0,0,0,0.0242318261304022,0,"SdotYam","Fall",10,"2016-10-25",3,2016,"SdotYam10","N"
"214","SdotYam103Fall2017",0,0,0,0,0,5,2,0,0,0,0,0,0,0,0,0,1,0,0,0,0,0,0,0,0,0,0,0,4,0,0,0,0,0,0,0,0,0,0,0,0,0,0,0,50,0,0,0,0,0,0,0,2,0,0.924630924630925,0,0,0,0.0753690753690754,0,"SdotYam","Fall",10,"2017-11-08",3,2017,"SdotYam10","N"
"215","SdotYam103Fall2018",0,0,0,0,0,80,0,0,0,0,0,0,1,0,0,0,2,0,0,0,0,0,0,0,0,0,0,0,9,0,0,0,0,0,0,0,0,0,0,0,0,0,0,0,21,0,0,0,0,0,0,0,33,0,0.796839299314547,0.110814927646611,0,0,0.0923457730388423,0,"SdotYam","Fall",10,"2018-10-16",3,2018,"SdotYam10","N"
"216","SdotYam103Fall2019",0,0,0,0,0,82,2,0,0,0,0,0,0,0,0,0,3,0,0,0,0,0,0,0,1,0,0,0,1,0,0,0,0,0,0,0,0,0,0,0,0,0,0,0,1,0,0,0,0,0,0,0,23,0,0.275499163529464,0.60423581110693,0,0,0.00964048299507865,0.0347057387822831,"SdotYam","Fall",10,"2019-11-04",3,2019,"SdotYam10","N"
"217","SdotYam103Fall2020",0,0,0,0,0,22,0,0,0,0,0,0,0,0,0,0,4,0,0,0,0,0,0,0,0,0,0,0,0,0,0,0,0,0,0,0,0,0,0,0,0,0,0,4,0,0,0,0,0,0,0,0,22,0,0.423216055962392,0.53738729697033,0,0.013674869229964,0.0257217778373133,0,"SdotYam","Fall",10,"2020-10-13",3,2020,"SdotYam10","N"
"218","SdotYam103Fall2021",0,0,0,0,0,34,0,0,0,0,0,0,0,0,0,0,2,0,0,0,0,0,0,0,0,0,0,0,0,0,0,0,0,0,0,0,0,0,0,0,0,0,0,23,2,0,0,0,0,0,0,0,5,0,0.791194226991268,0.0238526309302729,0.0447236829942616,0.014719186808238,0.0922869649087939,0.0332233073671658,"SdotYam","Fall",10,"2021-10-12",3,2021,"SdotYam10","N"
"219","SdotYam103Fall2022",0,0,0,0,0,14,0,0,0,0,0,0,0,0,0,0,0,0,0,0,0,0,0,0,0,0,4,0,3,0,1,0,0,0,0,0,0,0,0,0,0,0,0,4,50,0,0,0,0,0,0,0,8,0,0.370156065174297,0.0309460360455994,0,0,0.320880921377585,0.0517240888190734,"SdotYam","Fall",10,"2022-10-25",3,2022,"SdotYam10","N"
"220","SdotYam103Spring2015",0,0,0,0,0,4,17,0,0,0,0,0,0,0,0,0,0,0,0,0,0,0,0,0,0,0,0,0,0,0,0,0,0,0,0,0,0,0,0,0,0,0,0,0,0,0,0,0,0,0,0,0,9,0,0.963156395404045,0,0,0,0.0368436045959548,0,"SdotYam","Spring",10,"2015-05-11",3,2015,"SdotYam10","N"
"221","SdotYam103Spring2016",0,0,0,0,0,21,0,0,0,0,0,0,0,0,0,0,0,1,0,0,0,0,0,0,0,0,0,1,0,0,0,0,0,0,0,0,0,0,0,0,0,0,0,0,0,0,0,0,0,0,0,0,8,0,0.861916291165064,0.0202957682277072,0,0,0.117787940607229,0,"SdotYam","Spring",10,"2016-05-16",3,2016,"SdotYam10","N"
"222","SdotYam103Spring2017",0,0,0,0,0,5,0,0,0,0,1,0,0,0,0,0,0,0,0,0,0,0,0,0,0,0,0,0,0,0,0,0,0,0,0,0,0,0,0,0,0,0,0,0,0,0,0,0,0,0,0,0,20,0,0.925684939039143,0.00497804236101438,0,0,0.0693370185998431,0,"SdotYam","Spring",10,"2017-05-05",3,2017,"SdotYam10","N"
"223","SdotYam103Spring2018",0,0,0,0,0,10,0,0,0,0,0,0,0,1,0,0,0,0,0,0,0,0,0,0,0,0,0,0,0,0,0,0,0,0,0,0,0,0,0,0,0,0,0,0,3,0,0,0,0,0,0,0,4,0,0.88162069807176,0,0,0,0.11837930192824,0,"SdotYam","Spring",10,"2018-04-11",3,2018,"SdotYam10","N"
"224","SdotYam103Spring2019",0,0,0,0,0,13,0,0,0,0,0,0,1,0,0,0,3,0,0,0,0,0,0,0,0,0,0,0,0,0,0,0,0,0,0,0,0,0,0,0,0,0,0,0,0,0,0,0,0,0,0,0,11,0,0.750959500017642,0.0192802174363504,0.036150407693157,0.107078422787326,0.0596768634934655,0.0268545885720595,"SdotYam","Spring",10,"2019-05-02",3,2019,"SdotYam10","N"
"225","SdotYam103Spring2020",0,0,0,1,0,100,0,0,0,0,0,0,0,0,0,0,4,0,0,0,0,0,0,0,2,0,0,0,0,0,0,0,0,0,0,0,0,0,0,0,0,0,1,0,0,0,0,0,0,0,0,0,2,0,0.494311081086592,0.327850768310424,0,0.0346822241341045,0.0289936053607858,0,"SdotYam","Spring",10,"2020-05-04",3,2020,"SdotYam10","N"
"226","SdotYam103Spring2021",0,0,0,0,0,50,0,0,0,0,0,0,4,0,0,0,6,0,0,0,0,0,0,0,3,0,0,0,0,0,0,0,0,0,0,0,0,0,0,0,0,0,0,1,15,0,0,0,0,0,0,0,16,0,0.205729807997209,0.0601984656884744,0,0.0198121532645612,0.714259573049756,0,"SdotYam","Spring",10,"2021-04-18",3,2021,"SdotYam10","N"
"227","SdotYam103Spring2022",0,0,0,0,0,25,0,0,0,0,0,0,0,0,0,1,1,0,0,0,0,0,0,0,1,0,0,0,0,0,0,0,0,0,0,0,0,0,0,0,0,0,0,0,0,0,0,0,0,0,0,0,34,0,0.697202860993807,0.0872776276319638,0.0344516951178804,0.0113385325704417,0.113745279119351,0,"SdotYam","Spring",10,"2022-05-03",3,2022,"SdotYam10","N"
"228","SdotYam104Fall2015",0,0,0,0,0,39,0,0,0,0,0,0,0,0,0,0,0,0,0,0,1,1,0,0,0,0,0,0,0,1,0,0,0,0,0,1,0,0,0,0,0,0,0,1,1,0,0,0,0,0,0,0,7,0,0.672638815239487,0.00929429701969092,0,0,0.122264264366172,0.0258912559834247,"SdotYam","Fall",10,"2015-11-16",4,2015,"SdotYam10","N"
"229","SdotYam104Fall2016",0,0,0,0,0,70,0,0,0,0,0,0,0,0,0,0,0,0,0,0,0,0,0,0,0,0,0,0,0,0,0,0,0,0,0,5,0,0,0,0,0,0,0,2,39,0,0,0,0,0,0,0,30,0,NA,NA,NA,NA,NA,NA,NA,NA,NA,NA,NA,NA,NA,NA
"230","SdotYam104Fall2017",0,0,0,0,0,13,3,0,0,0,0,0,1,0,0,0,0,0,0,0,0,0,0,0,1,0,0,0,5,0,0,0,0,0,0,0,0,0,0,0,0,0,0,0,60,0,0,0,0,0,0,0,9,0,0.910830686946348,0,0,0,0.089169313053652,0,"SdotYam","Fall",10,"2017-11-08",4,2017,"SdotYam10","N"
"231","SdotYam104Fall2018",0,0,0,0,0,60,0,0,0,0,0,0,1,0,0,0,0,0,0,0,0,0,0,0,0,0,0,0,11,0,0,0,0,0,0,4,0,0,0,0,0,0,0,0,95,0,0,0,0,0,0,0,3,0,0.837409573631749,0.0958981485538811,0,0.0295888274810234,0.0371034503333469,0,"SdotYam","Fall",10,"2018-10-16",4,2018,"SdotYam10","N"
"232","SdotYam104Fall2019",0,0,0,0,0,20,0,0,0,0,0,0,0,0,0,0,0,0,0,0,0,0,0,0,0,0,0,0,21,0,0,0,0,0,0,0,0,0,0,0,0,0,0,0,0,0,0,0,0,0,0,0,8,0,0.258228887737069,0.28823447081496,0.375958005410818,0,0.0775786360371528,0,"SdotYam","Fall",10,"2019-11-04",4,2019,"SdotYam10","N"
"233","SdotYam104Fall2020",0,0,0,0,0,60,0,0,0,0,0,0,0,0,0,0,4,0,0,0,0,0,0,0,2,0,0,0,26,0,0,0,0,0,0,1,0,0,0,0,0,0,0,5,4,0,0,0,0,0,0,0,30,0,0.580045825535079,0.363341145795763,0.040074391080415,0,0.0165386375887427,0,"SdotYam","Fall",10,"2020-10-13",4,2020,"SdotYam10","N"
"234","SdotYam104Fall2021",0,0,0,0,0,4,0,0,0,0,0,0,0,0,0,0,4,0,0,0,0,0,0,0,2,0,0,0,1,0,0,0,0,0,0,2,0,0,0,0,0,0,0,31,24,0,0,0,0,0,0,0,16,0,0.899548107700998,0.0464901319730919,0,0,0.0539617603259102,0,"SdotYam","Fall",10,"2021-10-12",4,2021,"SdotYam10","N"
"235","SdotYam104Fall2022",0,0,0,0,0,35,10,0,0,0,0,0,0,0,0,0,0,0,0,0,0,0,1,0,0,0,0,0,1,0,0,0,0,0,0,0,0,0,0,0,0,0,0,0,30,0,0,0,0,0,0,0,2,0,0.780113688667955,0.09896744300224,0,0,0.120918868329805,0,"SdotYam","Fall",10,"2022-10-25",4,2022,"SdotYam10","N"
"236","SdotYam104Spring2015",0,0,0,0,0,1,4,0,0,19,0,0,0,0,0,0,0,0,0,0,0,0,0,0,0,0,0,0,0,0,0,0,0,0,0,0,0,0,0,0,0,1,0,0,0,0,0,0,0,0,0,0,2,0,0.828302623011942,0.00947189560060812,0.106558825506841,0.0116899977349277,0.0439766581456806,0,"SdotYam","Spring",10,"2015-05-11",4,2015,"SdotYam10","N"
"237","SdotYam104Spring2016",0,0,0,0,0,9,0,0,0,0,0,0,0,0,0,0,0,0,0,0,0,0,0,0,0,0,0,0,0,0,0,0,0,0,0,0,0,0,0,0,0,0,0,0,0,0,0,0,0,0,0,0,6,0,0.871588274905017,0.0145327138230832,0,0.023914592367099,0.0899644189048009,0,"SdotYam","Spring",10,"2016-05-16",4,2016,"SdotYam10","N"
"238","SdotYam104Spring2017",0,0,0,0,0,4,0,0,0,0,1,0,0,0,0,0,0,0,0,0,0,0,0,0,0,0,0,0,0,0,0,0,0,0,0,0,0,0,0,0,0,0,0,0,0,0,0,0,0,0,0,0,11,0,NA,NA,NA,NA,NA,NA,NA,NA,NA,NA,NA,NA,NA,NA
"239","SdotYam104Spring2018",0,0,0,0,0,3,0,0,0,0,2,0,25,4,0,0,0,0,0,0,0,0,0,0,0,0,0,0,2,0,0,0,0,0,0,0,0,0,0,0,0,0,0,0,20,0,0,0,0,0,0,0,2,0,0.631220619772317,0.00916764366354703,0.0687573274766027,0,0.290854409087534,0,"SdotYam","Spring",10,"2018-04-11",4,2018,"SdotYam10","N"
"240","SdotYam104Spring2019",0,0,0,0,0,31,0,0,0,0,3,0,1,0,0,0,0,0,0,0,0,0,0,0,0,0,0,0,0,0,0,0,0,0,0,0,0,0,0,0,0,0,0,0,0,0,0,0,0,0,0,0,12,0,0.924874682805781,0.0211524536945855,0,0.0130529381976081,0.0409199253020255,0,"SdotYam","Spring",10,"2019-05-02",4,2019,"SdotYam10","N"
"241","SdotYam104Spring2020",0,0,0,0,0,60,0,0,0,0,0,0,4,0,0,0,0,0,0,0,0,0,0,0,3,0,0,0,0,0,0,0,0,0,0,0,0,0,0,0,0,0,0,0,0,0,0,0,0,0,0,0,10,0,0.406148758628958,0.291593980554124,0,0.030846741161693,0.045127639847662,0.0232085004930833,"SdotYam","Spring",10,"2020-05-04",4,2020,"SdotYam10","N"
"242","SdotYam104Spring2021",0,0,0,0,0,65,0,0,0,0,0,0,0,0,0,1,5,0,0,0,0,0,0,0,1,0,0,0,0,0,0,0,0,0,0,0,0,0,0,0,0,0,0,1,1,0,0,0,0,0,0,0,22,0,0.215841400400339,0.0703440673630104,0,0.0365545453318775,0.636005571458797,0.0412544154459761,"SdotYam","Spring",10,"2021-04-18",4,2021,"SdotYam10","N"
"243","SdotYam104Spring2022",0,0,0,0,0,80,0,0,0,0,0,0,0,0,0,1,1,0,0,0,0,0,0,0,1,0,0,0,0,0,0,0,0,0,0,0,0,0,0,0,0,0,0,0,0,0,0,0,0,1,0,0,15,0,0.712680291145081,0.181921021687034,0,0,0.0794099697840227,0.025988717383862,"SdotYam","Spring",10,"2022-05-03",4,2022,"SdotYam10","N"
"244","SdotYam251Fall2015",0,0,0,0,0,120,1,0,0,0,0,0,0,0,0,0,0,0,0,0,0,0,0,0,0,0,0,1,0,0,0,0,0,0,0,0,0,0,0,0,0,1,0,0,0,0,0,0,0,0,0,0,1,0,0.35670693814594,0,0.0324583236399213,0,0.56261094309197,0.0482237951221689,"SdotYam","Fall",25,"2015-11-16",1,2015,"SdotYam25","N"
"245","SdotYam251Fall2016",0,0,0,0,0,14,1,0,0,0,0,0,0,0,0,0,0,0,0,0,0,0,0,0,0,0,0,0,0,0,0,0,0,0,0,0,0,0,0,0,0,1,0,0,0,200,0,0,0,0,0,0,0,1,0.505867545069409,0,0,0.0718661079824519,0.399093193761961,0.0231731531861784,"SdotYam","Fall",25,"2016-10-25",1,2016,"SdotYam25","N"
"246","SdotYam251Fall2017",0,0,0,0,0,4,2,0,0,0,0,0,0,0,0,0,0,0,0,0,0,0,0,0,0,0,0,0,1,0,0,0,0,0,0,0,0,0,0,0,0,2,0,0,40,20,0,0,0,0,0,0,0,1,0.652395179365337,0,0,0.0108985330919552,0.184496595913813,0.0983981844873667,"SdotYam","Fall",25,"2017-11-08",1,2017,"SdotYam25","N"
"247","SdotYam251Fall2018",0,0,0,0,0,65,1,0,0,0,0,0,0,0,0,0,0,0,0,0,0,0,0,0,0,0,0,0,0,0,0,0,0,0,0,0,0,0,0,0,0,0,0,0,62,0,0,0,0,0,0,0,1,0,0.603580003239729,0,0.03602908327031,0,0.275079191317763,0.0267644618579445,"SdotYam","Fall",25,"2018-10-16",1,2018,"SdotYam25","N"
"248","SdotYam251Fall2019",0,0,0,0,0,10,4,0,0,0,0,0,0,0,0,0,0,0,0,0,0,0,0,0,2,0,0,0,0,0,0,0,0,0,0,1,0,0,0,0,0,2,0,0,30,0,0,0,0,0,0,0,0,1,0.251378510135321,0.1208297050734,0,0.0208081770585631,0.130463967271943,0.0313113521452664,"SdotYam","Fall",25,"2019-11-04",1,2019,"SdotYam25","N"
"249","SdotYam251Fall2020",0,0,0,0,0,0,19,0,0,0,0,0,0,0,0,1,0,0,0,0,0,0,0,0,0,0,0,0,1,0,0,0,0,0,0,0,0,0,0,0,0,0,0,0,5,0,0,0,0,0,0,0,5,5,0.366547542444997,0.0497274288351954,0.174046000923184,0,0.148787624371974,0.0184701878530726,"SdotYam","Fall",25,"2020-10-13",1,2020,"SdotYam25","N"
"250","SdotYam251Fall2021",0,0,0,0,0,24,10,0,0,0,0,0,0,0,0,0,0,0,0,0,0,0,0,0,0,0,0,0,12,0,0,0,0,0,0,0,0,0,0,0,0,0,0,0,80,0,0,0,0,0,0,0,2,6,0.116271113312997,0.329498060975262,0,0.0173046382682941,0.30379253848783,0.0195295203313605,"SdotYam","Fall",25,"2021-10-31",1,2021,"SdotYam25","N"
"251","SdotYam251Fall2022",0,0,0,0,0,0,10,0,0,0,0,0,0,0,0,0,0,0,0,0,0,0,0,0,0,0,0,0,0,0,0,0,0,0,0,0,0,0,0,0,0,0,1,0,0,0,0,0,0,0,0,0,0,1,0.307870896813321,0.119113583439456,0.0319054241355685,0.0210010386715135,0.520109056940141,0,"SdotYam","Fall",25,"2022-10-26",1,2022,"SdotYam25","N"
"252","SdotYam251Spring2015",0,0,0,0,0,2,1,0,0,0,0,0,0,0,0,0,0,0,0,0,0,0,0,0,0,0,0,0,0,0,0,0,0,0,0,0,0,0,0,0,0,0,0,0,0,0,0,0,0,0,0,0,1,0,0.976744186046512,0,0,0,0.0232558139534884,0,"SdotYam","Spring",25,"2015-05-28",1,2015,"SdotYam25","N"
"253","SdotYam251Spring2016",0,0,0,0,0,10,11,0,0,0,0,0,0,0,0,0,0,0,0,0,0,0,0,0,0,0,0,0,0,0,0,0,0,3,0,0,0,0,0,0,0,0,0,0,0,0,0,0,0,0,0,0,1,0,0.651844237697615,0,0,0,0.249268374328603,0.0472297972412091,"SdotYam","Spring",25,"2016-05-16",1,2016,"SdotYam25","N"
"254","SdotYam251Spring2017",0,0,0,0,0,0,3,0,0,0,0,0,0,0,0,0,0,0,0,0,0,0,0,0,0,0,0,0,0,0,0,0,0,0,0,0,0,0,0,0,0,1,0,0,0,0,6,0,0,0,0,0,0,0,0.863137950495848,0,0.0351930984439249,0,0.101668951060227,0,"SdotYam","Spring",25,"2017-05-05",1,2017,"SdotYam25","N"
"255","SdotYam251Spring2018",0,0,0,0,0,38,3,0,0,0,0,0,0,0,0,0,0,0,0,0,0,0,0,0,1,0,0,0,0,0,0,0,0,0,0,0,0,0,0,0,0,4,0,0,0,0,0,0,0,0,0,0,4,6,0.49897252669971,0,0,0.189204586166662,0.169468960398711,0.142353926734917,"SdotYam","Spring",25,"2018-04-11",1,2018,"SdotYam25","N"
"256","SdotYam251Spring2019",0,0,0,0,0,0,5,0,0,0,0,0,0,0,0,0,0,0,0,0,0,0,0,1,0,0,0,0,0,0,0,0,0,0,0,0,0,0,0,0,0,0,0,0,0,0,0,0,0,0,0,0,0,4,0.22149670214441,0,0,0.48874744696257,0.172988567697325,0,"SdotYam","Spring",25,"2019-05-02",1,2019,"SdotYam25","N"
"257","SdotYam251Spring2020",0,0,0,0,0,35,4,0,0,0,0,0,0,0,0,0,0,0,0,0,0,0,0,0,0,0,0,0,0,0,0,0,0,0,0,0,0,0,0,0,0,0,0,0,0,0,0,0,0,0,0,0,11,0,0.167657060828686,0.203492682856069,0,0.0329371846083697,0.0929299137164718,0.0557579482298831,"SdotYam","Spring",25,"2020-05-04",1,2020,"SdotYam25","N"
"258","SdotYam251Spring2021",0,0,0,0,0,0,10,0,0,0,0,0,0,0,0,0,0,0,0,0,0,0,0,0,0,0,0,0,0,0,0,0,0,0,0,0,0,0,0,0,0,2,0,0,0,0,0,0,0,0,0,0,2,10,0.279188467673234,0.113295509081432,0,0.0721686378795567,0.186650435468258,0.0814474627497855,"SdotYam","Spring",25,"2021-04-18",1,2021,"SdotYam25","N"
"259","SdotYam251Spring2022",0,0,0,0,0,0,5,0,0,0,0,0,0,0,0,3,2,0,0,0,0,0,0,0,6,0,0,0,0,0,1,0,0,0,0,0,0,0,0,0,0,0,0,0,0,0,0,0,0,0,0,0,6,2,0.58142248720907,0.00599420552775658,0,0,0.0139151199751492,0.0333962879403581,"SdotYam","Spring",25,"2022-05-29",1,2022,"SdotYam25","N"
"260","SdotYam252Fall2015",0,0,0,0,0,75,6,0,0,0,0,0,0,0,0,0,0,0,0,0,0,0,0,0,0,0,0,0,0,0,0,0,0,0,0,1,0,0,0,0,0,1,0,0,0,0,0,0,0,0,0,0,0,0,0.345565246009544,0,0,0,0.488244005846538,0.067603016194136,"SdotYam","Fall",25,"2015-11-16",2,2015,"SdotYam25","N"
"261","SdotYam252Fall2016",0,0,0,0,0,180,0,0,0,0,0,0,0,0,0,0,0,0,0,0,0,0,0,0,3,0,0,0,0,0,0,0,0,0,0,0,0,0,0,0,0,0,0,2,5,0,0,0,0,0,0,0,0,0,0.493488811121369,0,0,0.0103577658073727,0.402637594638979,0.093515828432279,"SdotYam","Fall",25,"2016-10-25",2,2016,"SdotYam25","N"
"262","SdotYam252Fall2017",0,0,20,0,0,3,3,0,0,0,0,0,0,0,0,0,0,0,0,0,0,0,0,0,0,0,0,0,3,0,0,0,0,0,0,0,0,0,0,0,0,2,0,0,47,0,0,0,0,1,0,0,0,0,0.76218632823767,0,0,0,0.209835592731468,0.0279780790308624,"SdotYam","Fall",25,"2017-11-08",2,2017,"SdotYam25","N"
"263","SdotYam252Fall2018",0,0,0,0,0,75,0,0,0,0,0,0,0,0,0,0,0,0,0,0,0,0,0,0,4,0,0,0,18,0,0,0,0,0,0,0,0,0,0,0,0,0,0,0,0,0,0,2,0,0,0,0,1,0,0.70323204544375,0,0.0372141344288291,0,0.176619463400316,0.0829343567271049,"SdotYam","Fall",25,"2018-10-16",2,2018,"SdotYam25","N"
"264","SdotYam252Fall2019",0,0,0,0,0,6,0,0,0,0,0,0,0,0,0,0,0,0,0,0,0,0,0,0,0,0,0,0,1,0,0,0,0,0,0,0,0,0,0,0,0,2,0,0,10,0,0,0,0,1,0,0,0,0,0.547088520444639,0.161813846518206,0,0.0968276181696977,0.166950794026721,0.0273192208407361,"SdotYam","Fall",25,"2019-11-04",2,2019,"SdotYam25","N"
"265","SdotYam252Fall2020",0,0,0,0,0,0,0,0,0,0,0,0,0,0,0,10,1,0,0,0,0,0,0,0,42,0,0,0,3,0,0,0,0,0,0,0,0,0,0,0,0,0,0,0,0,0,0,0,0,0,0,0,1,0,0.267253784170638,0.054209206707054,0.019360430966805,0,0.155805373018573,0,"SdotYam","Fall",25,"2020-10-13",2,2020,"SdotYam25","N"
"266","SdotYam252Fall2021",0,0,0,0,0,0,6,0,0,0,0,0,0,0,0,8,6,0,0,0,0,0,0,0,24,0,0,0,52,0,0,0,0,0,0,0,0,0,0,0,0,0,2,0,0,0,0,0,0,0,0,0,0,4,0.331510370439693,0.22565969075544,0,0.00856935534514328,0.171931192956526,0.135395814453264,"SdotYam","Fall",25,"2021-10-31",2,2021,"SdotYam25","N"
"267","SdotYam252Fall2022",0,0,0,0,0,10,0,0,0,0,0,0,0,0,0,2,4,0,0,0,0,0,0,0,5,0,0,0,0,0,2,0,0,0,0,1,0,0,0,2,0,0,1,0,0,0,0,0,0,0,0,0,0,1,0.453688032316636,0.170903841299859,0,0.0973502893480209,0.278057837035485,0,"SdotYam","Fall",25,"2022-10-26",2,2022,"SdotYam25","N"
"268","SdotYam252Spring2015",0,0,0,0,0,51,5,0,0,0,0,0,0,0,0,0,0,0,0,0,0,0,0,0,0,0,0,0,0,0,0,0,0,0,0,0,0,0,0,0,0,0,0,0,0,0,0,0,0,0,0,0,0,0,0.625552322497976,0.00454265957569183,0.0340699468176887,0.0672773633361955,0.217939501071882,0.0506182067005661,"SdotYam","Spring",25,"2015-05-28",2,2015,"SdotYam25","N"
"269","SdotYam252Spring2016",0,0,0,0,0,21,10,0,0,0,0,0,0,0,0,0,0,0,0,0,0,0,0,0,0,0,0,0,0,0,0,0,0,6,0,0,0,0,0,0,0,2,0,0,1,0,0,0,0,0,0,0,0,0,0.860300000531862,0,0,0.0116078870568355,0.101891453054445,0.0262006593568573,"SdotYam","Spring",25,"2016-05-16",2,2016,"SdotYam25","N"
"270","SdotYam252Spring2017",0,0,0,0,0,2,7,0,0,0,0,0,0,0,0,0,0,0,0,0,0,0,0,0,0,0,0,0,0,0,0,0,0,0,0,0,0,0,0,0,0,2,0,0,0,0,0,0,0,0,0,0,4,0,0.778164462563389,0,0.0337575817838322,0,0.188077955652779,0,"SdotYam","Spring",25,"2017-05-05",2,2017,"SdotYam25","N"
"271","SdotYam252Spring2018",0,0,0,0,0,51,10,0,0,0,0,0,0,0,0,2,1,0,0,0,0,0,0,1,0,0,0,0,0,0,0,0,0,0,0,0,0,0,0,0,0,3,0,0,0,0,0,0,0,0,0,0,5,2,0.561262896418773,0,0,0.155446371807236,0.142944864656601,0.14034586711739,"SdotYam","Spring",25,"2018-05-11",2,2018,"SdotYam25","N"
"272","SdotYam252Spring2019",0,0,0,0,0,48,3,0,0,0,0,0,0,0,0,0,0,0,0,0,0,0,0,0,0,0,0,0,0,0,0,0,0,0,0,0,0,0,0,0,0,1,0,0,0,0,0,0,0,0,0,0,1,1,0.177786413426274,0,0,0.565419085322906,0.134623591743549,0.0161548310092259,"SdotYam","Spring",25,"2019-05-02",2,2019,"SdotYam25","N"
"273","SdotYam252Spring2020",0,0,0,0,0,27,2,0,0,0,0,0,0,0,0,0,1,0,0,0,0,0,0,0,5,0,0,0,0,0,0,0,0,0,0,0,0,0,0,1,0,0,0,0,0,0,0,0,0,0,0,0,16,0,0.194345694530552,0.238463828263299,0,0.0318169322691367,0.124679446887986,0.01795384035187,"SdotYam","Spring",25,"2020-05-04",2,2020,"SdotYam25","N"
"274","SdotYam252Spring2021",0,0,0,0,0,6,0,0,0,0,0,0,0,0,0,0,0,0,0,0,0,0,0,0,0,0,0,0,0,0,0,0,0,0,0,0,0,0,0,0,0,0,0,0,0,0,0,0,0,0,0,0,0,2,0.460165988021683,0.0352158586493911,0,0.104310264860222,0.10355139388571,0.0392405282093215,"SdotYam","Spring",25,"2021-04-18",2,2021,"SdotYam25","N"
"275","SdotYam252Spring2022",0,0,0,0,0,0,0,0,0,0,0,0,0,0,0,1,1,0,0,0,0,0,0,0,23,0,0,0,0,0,0,0,0,0,0,0,0,0,0,0,0,0,0,0,0,0,0,0,0,0,0,0,5,1,0.697097280256882,0.00359338042699176,0.0269503532024382,0,0.0333671039649235,0.0200202623789541,"SdotYam","Spring",25,"2022-05-29",2,2022,"SdotYam25","N"
"276","SdotYam253Fall2015",0,0,0,0,0,21,2,0,0,0,0,0,0,0,0,0,0,0,0,0,0,0,0,0,0,0,0,0,0,0,0,0,0,0,10,1,0,0,0,0,0,2,0,0,0,0,0,0,0,0,0,0,0,0,0.416376688301536,0,0,0.0106509859612998,0.500849935084933,0.0721223906522304,"SdotYam","Fall",25,"2015-11-16",3,2015,"SdotYam25","N"
"277","SdotYam253Fall2016",0,0,0,0,0,1,8,0,0,0,0,0,0,0,0,0,0,0,0,0,0,0,0,0,0,0,0,0,3,0,0,0,0,0,0,0,0,0,0,0,0,4,0,0,34,0,0,0,0,0,0,0,0,0,0.522400022900982,0,0,0.0388744167406177,0.3290441702688,0.1096813900896,"SdotYam","Fall",25,"2016-10-25",3,2016,"SdotYam25","N"
"278","SdotYam253Fall2017",0,0,0,0,0,0,8,0,0,0,0,0,0,0,0,0,0,0,0,0,0,0,0,0,0,0,0,0,1,0,0,0,0,0,0,0,0,0,0,0,0,6,0,0,11,0,0,0,0,0,0,0,0,0,0.649052501784671,0,0,0,0.322619897462522,0.0283276007528068,"SdotYam","Fall",25,"2017-11-08",3,2017,"SdotYam25","N"
"279","SdotYam253Fall2018",0,0,0,0,0,30,1,0,0,0,0,0,0,0,0,0,0,0,0,0,0,0,0,0,0,0,0,0,3,0,0,0,0,0,0,0,0,0,0,0,0,3,0,0,147,0,0,0,0,0,0,0,1,2,0.464124841729624,0,0.0989452959291726,0,0.38792838245247,0.0490014798887331,"SdotYam","Fall",25,"2018-10-16",3,2018,"SdotYam25","N"
"280","SdotYam253Fall2019",0,0,0,0,0,27,4,0,0,0,0,0,0,0,0,0,1,0,0,0,0,0,0,0,0,0,0,0,2,0,0,0,0,0,0,0,0,0,0,0,0,2,0,0,40,0,0,0,0,0,0,0,0,4,0.567963167196618,0.152716360964856,0,0.0502610808238768,0.11029514958573,0.0567232197869466,"SdotYam","Fall",25,"2019-11-04",3,2019,"SdotYam25","N"
"281","SdotYam253Fall2020",0,0,0,0,0,0,2,0,0,0,0,0,0,0,0,2,0,0,0,0,0,0,0,0,3,0,0,0,0,0,0,0,0,0,0,0,0,0,0,0,0,1,0,0,0,0,0,0,0,0,0,0,0,5,0.175530858250027,0.0677671373144383,0.0390964253737144,0,0.278329313970015,0.05808611769809,"SdotYam","Fall",25,"2020-10-13",3,2020,"SdotYam25","N"
"282","SdotYam253Fall2021",0,0,0,0,0,0,10,0,0,0,0,0,0,0,0,0,0,0,0,0,0,0,0,0,2,0,0,0,10,0,0,0,0,0,0,0,0,0,0,0,0,0,0,0,60,0,0,0,0,0,0,0,0,4,0.186875314678827,0.247889306309008,0,0,0.348303113657864,0.0181723363647581,"SdotYam","Fall",25,"2021-10-31",3,2021,"SdotYam25","N"
"283","SdotYam253Fall2022",0,0,0,0,0,0,0,0,0,0,0,0,0,0,0,0,1,0,0,0,0,0,0,0,1,0,0,0,0,0,0,0,0,0,0,0,0,0,0,0,0,0,1,0,0,0,0,0,0,0,0,0,2,1,0.466128310208013,0.166782932046538,0,0.0803276857031797,0.119614936746501,0.0679916482559057,"SdotYam","Fall",25,"2022-10-26",3,2022,"SdotYam25","N"
"284","SdotYam253Spring2015",0,0,0,0,0,1,1,0,0,0,0,0,0,0,0,0,0,0,0,0,0,0,0,0,0,0,0,0,0,0,0,0,0,0,0,1,0,0,0,0,0,0,0,0,0,0,0,0,0,0,0,0,0,0,0.749404640241091,0,0.0363098152364565,0,0.187312538918228,0.0269730056042248,"SdotYam","Spring",25,"2015-05-28",3,2015,"SdotYam25","N"
"285","SdotYam253Spring2016",0,0,0,0,0,53,11,0,0,0,0,0,0,0,0,0,0,0,0,0,0,0,0,0,0,0,0,0,0,0,0,0,0,0,0,0,0,0,0,0,0,2,0,0,0,0,0,0,0,0,0,0,0,0,0.401418363521155,0,0,0.0861345044497894,0.426039184707997,0.0864079473210586,"SdotYam","Spring",25,"2016-05-16",3,2016,"SdotYam25","N"
"286","SdotYam253Spring2017",0,0,0,0,0,0,9,0,0,0,0,0,0,0,0,1,0,0,0,0,0,0,0,0,0,0,0,0,0,0,0,0,0,0,0,0,0,0,0,0,0,1,0,0,0,0,11,0,0,0,0,0,0,0,0.8611132769583,0,0.0360967968301448,0,0.0223456361329468,0.0804442900786084,"SdotYam","Spring",25,"2017-05-05",3,2017,"SdotYam25","N"
"287","SdotYam253Spring2018",0,0,0,0,0,32,5,0,0,0,0,0,0,0,0,0,0,0,0,0,0,0,0,1,0,0,0,0,0,0,0,0,0,0,0,0,0,0,0,0,0,3,0,0,0,0,0,0,0,0,0,0,4,0,0.34055779388886,0,0,0.32028758854293,0.278910047342278,0.0602445702259321,"SdotYam","Spring",25,"2018-04-11",3,2018,"SdotYam25","N"
"288","SdotYam253Spring2019",0,0,0,0,0,50,2,0,0,0,0,0,0,0,0,0,0,0,0,0,0,0,0,0,0,0,0,0,6,0,0,0,0,0,21,0,0,0,0,0,0,2,0,0,0,0,0,0,0,0,0,0,1,3,0.194436164916626,0,0,0.341054394157554,0.104973884954987,0.08397910796399,"SdotYam","Spring",25,"2019-05-02",3,2019,"SdotYam25","N"
"289","SdotYam253Spring2020",0,0,0,0,0,30,0,0,0,0,0,0,0,0,0,0,0,0,0,0,0,0,0,0,2,0,0,0,0,0,0,0,0,0,0,0,0,0,0,0,0,0,0,0,0,0,0,0,0,0,0,0,4,0,0.234647277130586,0.32682154086496,0,0.134451899722926,0.114406066600971,0,"SdotYam","Spring",25,"2020-05-04",3,2020,"SdotYam25","N"
"290","SdotYam253Spring2021",0,0,0,0,0,0,8,0,0,0,0,0,0,0,0,0,0,0,0,0,0,0,0,0,0,0,0,0,0,0,0,0,0,0,0,0,0,0,0,0,0,0,0,0,0,0,0,0,0,0,0,0,0,2,0.0755521068584209,0.158382676758514,0,0.139149766429117,0.17448938964921,0.0598249335940149,"SdotYam","Spring",25,"2021-04-18",3,2021,"SdotYam25","N"
"291","SdotYam253Spring2022",0,0,0,0,0,0,19,0,0,0,0,0,0,0,0,0,0,0,0,0,0,0,0,0,24,0,0,0,0,0,0,0,0,0,0,0,0,0,0,0,0,0,0,0,0,0,0,1,0,0,0,0,20,2,0.626687373675083,0.0131257598372973,0,0,0.025392094923343,0.0548469250344208,"SdotYam","Spring",25,"2022-05-29",3,2022,"SdotYam25","N"
"292","SdotYam254Fall2015",0,0,0,0,0,2,6,0,0,0,0,0,0,2,0,0,0,1,0,0,0,0,0,0,0,0,0,1,0,0,0,0,0,0,0,0,0,0,0,0,0,1,0,0,0,8,0,3,0,0,0,0,1,0,0.294740232847085,0,0,0,0.624913717730431,0.080346049422484,"SdotYam","Fall",25,"2015-11-16",4,2015,"SdotYam25","N"
"293","SdotYam254Fall2016",0,0,0,0,0,90,10,0,0,0,0,0,0,0,0,0,0,0,0,0,0,0,0,0,0,0,0,0,0,0,0,0,0,0,0,0,0,0,0,0,0,1,0,0,16,0,0,0,0,0,0,0,0,0,0.546139569000967,0,0.0308715257535512,0,0.331256371577787,0.0917325336676949,"SdotYam","Fall",25,"2016-10-25",4,2016,"SdotYam25","N"
"294","SdotYam254Fall2017",0,0,0,0,0,0,0,0,0,0,0,0,0,0,0,0,0,0,0,0,0,0,0,0,0,0,0,0,7,0,0,0,0,0,0,0,0,0,0,0,0,0,0,0,40,0,1,0,0,0,0,0,4,1,0.591118517792373,0,0,0,0.359978713571499,0.0489027686361281,"SdotYam","Fall",25,"2017-11-08",4,2017,"SdotYam25","N"
"295","SdotYam254Fall2018",0,0,0,0,0,41,3,0,0,0,0,0,0,0,0,0,0,0,0,0,0,0,0,0,0,0,0,0,0,0,0,0,0,0,0,0,0,0,0,0,0,2,0,0,16,0,0,0,0,0,0,0,0,0,0.591654852875073,0,0.0377320977836174,0,0.342583490987765,0.0280295583535444,"SdotYam","Fall",25,"2018-10-16",4,2018,"SdotYam25","N"
"296","SdotYam254Fall2019",0,0,0,0,0,41,8,0,0,0,0,0,0,0,0,0,0,0,0,0,0,0,0,0,0,0,0,0,2,0,0,0,0,0,0,0,0,0,0,0,0,2,0,0,20,0,0,0,0,0,0,0,0,0,0.418805833593521,0.115738364269435,0.20254213747151,0.0761822144558303,0.0537356691250946,0.0859770706001514,"SdotYam","Fall",25,"2019-11-04",4,2019,"SdotYam25","N"
"297","SdotYam254Fall2020",0,0,0,0,0,10,3,0,0,0,0,0,0,0,0,5,0,0,0,0,0,0,0,0,0,0,0,0,3,0,0,0,0,0,0,0,0,0,0,0,0,2,0,0,0,0,0,0,0,0,0,0,1,0,0.16469222972969,0.175278885880472,0,0,0.271264942434063,0.0636882908323453,"SdotYam","Fall",25,"2020-10-13",4,2020,"SdotYam25","N"
"298","SdotYam254Fall2021",0,0,0,0,0,40,0,0,0,0,0,0,0,0,0,2,0,0,0,0,0,0,0,0,0,0,0,0,8,0,0,0,0,0,0,0,0,0,0,0,0,0,2,0,0,0,0,0,0,0,0,0,0,2,0.054568197654407,0.186751960957154,0,0,0.221806731037152,0.0604927448283141,"SdotYam","Fall",25,"2021-10-31",4,2021,"SdotYam25","N"
"299","SdotYam254Fall2022",0,0,0,0,0,0,2,0,0,0,0,0,0,0,0,0,0,0,0,0,0,0,0,0,0,0,0,0,0,0,0,0,0,0,0,0,0,0,0,0,0,0,1,0,0,0,0,0,0,0,0,0,0,1,0.409505118813985,0.212190152376905,0,0,0.236440455505694,0.141864273303416,"SdotYam","Fall",25,"2022-10-26",4,2022,"SdotYam25","N"
"300","SdotYam254Spring2015",0,0,0,2,0,0,9,0,0,0,0,0,0,0,0,0,0,0,0,0,0,0,0,0,0,0,0,0,0,0,0,0,0,0,0,0,0,0,0,0,0,0,0,0,0,0,0,0,0,0,0,0,0,0,0.637184789389359,0,0.145839840893742,0.0479979223194594,0.0782442320985473,0.0433352670084262,"SdotYam","Spring",25,"2015-05-28",4,2015,"SdotYam25","N"
"301","SdotYam254Spring2016",0,0,0,0,0,4,4,0,0,0,0,0,0,0,0,0,0,0,0,0,0,0,0,1,0,0,0,0,0,0,0,0,0,0,0,0,0,0,0,0,0,1,0,0,0,0,0,0,0,0,0,0,0,0,0.868474576271187,0,0,0,0.131525423728814,0,"SdotYam","Spring",25,"2016-05-16",4,2016,"SdotYam25","N"
"302","SdotYam254Spring2017",0,0,0,0,0,3,2,0,0,0,0,0,0,0,0,0,0,0,0,0,0,0,0,0,0,0,0,0,0,0,0,0,0,0,0,0,0,0,0,0,0,1,0,0,0,0,7,0,0,0,0,0,0,2,0.702879488718619,0,0.0299689276508598,0,0.222626319692101,0.0445252639384202,"SdotYam","Spring",25,"2017-05-05",4,2017,"SdotYam25","N"
"303","SdotYam254Spring2018",0,0,0,0,0,4,2,0,0,0,0,0,0,0,0,0,0,0,0,0,0,0,0,0,0,0,0,0,0,0,0,0,0,0,0,0,0,0,0,0,0,2,0,0,0,0,0,0,0,0,0,0,3,1,0.525155911457761,0,0.0329283279970283,0.346789479664906,0.0951262808803041,0,"SdotYam","Spring",25,"2018-04-11",4,2018,"SdotYam25","N"
"304","SdotYam254Spring2019",0,0,0,0,0,4,4,0,0,0,0,0,0,0,0,0,0,0,0,0,0,0,0,0,0,0,0,0,0,0,0,0,0,0,0,0,0,0,0,0,0,5,0,0,2,0,0,1,0,0,0,0,1,3,0.34598409665365,0,0,0.339852732915484,0.0852329076200738,0.0191774042145166,"SdotYam","Spring",25,"2019-05-02",4,2019,"SdotYam25","N"
"305","SdotYam254Spring2020",0,0,0,2,0,0,0,0,0,0,0,0,0,0,0,13,1,0,0,0,0,0,0,0,36,0,0,0,0,0,0,0,0,0,0,0,0,0,0,0,0,0,0,0,0,0,0,0,0,0,0,0,0,0,0.217016194689353,0.269879113908554,0,0.0749426969793533,0.0939757628788716,0.056385457727323,"SdotYam","Spring",25,"2020-05-04",4,2020,"SdotYam25","N"
"306","SdotYam254Spring2021",0,0,0,0,0,0,2,0,0,0,0,0,0,0,0,0,0,0,0,0,0,0,0,0,0,0,0,0,0,0,0,0,0,0,0,0,0,0,0,0,0,2,0,0,0,0,0,0,0,0,0,0,0,0,0.0509089240630367,0.165156041274734,0,0.0760972139544346,0.146543217575518,0.0245374689893891,"SdotYam","Spring",25,"2021-04-18",4,2021,"SdotYam25","N"
"307","SdotYam254Spring2022",0,0,0,0,0,1,2,0,0,0,0,0,0,0,0,11,11,0,0,0,0,0,0,0,10,0,0,0,0,0,0,0,0,0,0,0,0,0,0,0,2,0,0,0,0,0,0,0,0,0,0,0,1,2,0.579061741745034,0.00924212076499685,0,0,0.0190710428484062,0.0171639385635656,"SdotYam","Spring",25,"2022-05-29",4,2022,"SdotYam25","N"
"308","SdotYam451Fall2015",0,0,0,0,0,4,3,0,0,0,0,0,0,1,0,0,0,0,0,0,0,0,0,0,0,0,0,0,0,0,0,0,0,0,0,0,0,0,0,0,0,6,0,0,10,0,0,0,0,0,1,0,0,0,0.159125034882998,0,0,0.00751466815172873,0.541831429829012,0.254425193137101,"SdotYam","Fall",45,"2015-11-25",1,2015,"SdotYam45","N"
"309","SdotYam451Fall2017",0,0,0,0,0,46,0,0,0,0,0,0,0,0,0,0,0,0,0,0,0,0,0,0,0,0,0,0,1,0,0,0,0,0,20,0,0,0,0,0,0,4,0,0,0,0,0,0,0,0,0,0,0,0,0.237386539217395,0,0,0,0.243666606392459,0.287358549607658,"SdotYam","Fall",45,"2017-12-10",1,2017,"SdotYam45","N"
"310","SdotYam451Fall2018",0,0,0,0,0,31,2,0,0,0,0,0,0,0,0,0,0,0,0,0,0,0,0,0,0,0,0,0,0,0,0,0,0,0,0,0,0,0,0,0,0,3,0,0,4,0,0,0,0,0,0,0,0,3,0.00537859688782984,0.181934487549362,0,0.0396245998571768,0.240158619769291,0.402472721406467,"SdotYam","Fall",45,"2018-12-25",1,2018,"SdotYam45","N"
"311","SdotYam451Fall2019",0,0,0,0,0,170,1,0,0,0,0,0,0,0,0,0,1,0,0,0,0,0,0,0,0,0,0,0,0,0,3,0,0,0,100,0,0,0,0,0,0,0,0,0,0,0,0,0,0,0,0,0,0,1,NA,NA,NA,NA,NA,NA,NA,NA,NA,NA,NA,NA,NA,NA
"312","SdotYam451Fall2020",0,0,0,0,0,90,2,0,0,0,0,0,0,0,0,0,0,0,0,0,0,0,0,0,0,0,0,0,0,0,8,0,0,0,0,0,0,0,0,0,0,0,0,0,4,0,6,0,0,0,0,0,0,0,0.148718408182144,0.0054798425806906,0,0.0135261937118312,0.432516146547365,0.366366618251886,"SdotYam","Fall",45,"2020-11-09",1,2020,"SdotYam45","N"
"313","SdotYam451Fall2021",0,0,0,0,0,0,0,0,0,0,0,0,0,0,0,0,4,0,0,0,0,0,0,0,2,0,0,0,0,0,1,0,0,0,0,0,0,0,0,0,0,0,0,0,0,0,0,0,0,0,0,0,0,0,0.0755402426401114,0.115413315769928,0,0.0066251388210586,0.369693262308437,0.269169925815581,"SdotYam","Fall",45,"2021-11-04",1,2021,"SdotYam45","N"
"314","SdotYam451Spring2015",0,0,0,0,0,0,0,0,0,0,0,0,0,0,0,0,0,0,0,0,0,0,0,0,0,0,0,0,0,0,0,0,0,0,0,0,0,0,0,0,0,1,0,0,0,0,0,0,0,0,0,0,0,0,0.284146026990189,0.0158813970717651,0.0238220956076476,0,0.368675289165975,0.230053380439569,"SdotYam","Spring",45,"2015-06-18",1,2015,"SdotYam45","N"
"315","SdotYam451Spring2016",0,0,0,0,0,0,0,0,0,0,0,0,0,0,0,0,0,0,0,0,0,0,0,0,0,0,0,0,0,0,0,0,0,0,0,0,0,0,0,0,0,1,0,0,0,0,0,0,0,0,0,0,0,0,0.235566491280588,0.003605514738338,0,0,0.552416365266786,0.120527206967299,"SdotYam","Spring",45,"2016-05-18",1,2016,"SdotYam45","N"
"316","SdotYam451Spring2017",0,0,0,0,0,0,4,0,0,0,0,0,0,0,0,0,0,0,0,0,0,0,0,0,0,0,0,0,0,0,0,0,0,0,0,0,0,0,0,0,0,1,0,0,0,0,0,0,0,0,0,0,0,0,0.360316761988561,0,0.0277166739991201,0,0.509018917729873,0.102947646282446,"SdotYam","Spring",45,"2017-05-11",1,2017,"SdotYam45","N"
"317","SdotYam451Spring2018",0,0,0,0,0,0,4,0,0,0,0,0,0,0,0,0,0,0,0,0,0,0,0,0,0,0,0,0,0,0,0,0,0,0,0,0,0,0,0,0,0,2,0,0,3,0,0,0,0,0,0,0,0,0,0.43899513975967,0,0,0.0770027641169765,0.223292737613018,0.260709358510335,"SdotYam","Spring",45,"2018-05-23",1,2018,"SdotYam45","N"
"318","SdotYam451Spring2019",0,0,0,0,0,16,3,0,0,0,0,0,0,0,0,0,0,0,0,0,0,0,0,1,0,0,0,0,0,0,0,0,0,0,0,0,0,0,0,0,0,3,0,0,0,0,0,0,0,0,0,0,0,1,0.406432291617626,0,0,0.0774367941034892,0.124076415243421,0.349571813381466,"SdotYam","Spring",45,"2019-05-20",1,2019,"SdotYam45","N"
"319","SdotYam451Spring2021",0,0,0,0,0,50,1,0,0,0,0,0,0,0,0,0,0,0,0,0,0,0,0,0,0,0,0,0,4,0,0,0,0,0,0,0,0,0,0,0,0,0,0,0,0,0,0,0,0,0,0,0,0,1,0.0399587203939722,0.14998026008945,0.0135524331406129,0.00446029445134097,0.162198961714637,0.211417956993562,"SdotYam","Spring",45,"2021-05-12",1,2021,"SdotYam45","N"
"320","SdotYam452Fall2015",0,0,0,0,0,23,10,0,0,0,0,0,0,0,0,0,0,0,0,0,0,0,0,0,0,0,0,0,0,0,0,0,0,0,0,0,0,0,0,0,0,7,0,0,12,0,0,0,0,0,0,0,0,0,0.170581989297925,0,0,0.0293963188308217,0.525284221012659,0.165879227688208,"SdotYam","Fall",45,"2015-11-25",2,2015,"SdotYam45","N"
"321","SdotYam452Fall2017",0,0,0,0,0,47,0,0,0,0,0,0,0,0,0,0,0,0,0,0,0,0,0,0,0,0,0,0,5,0,0,0,0,0,0,0,0,0,0,0,0,3,0,0,25,0,1,0,0,0,0,0,0,0,0.241018045334347,0,0,0,0.481415709599622,0.198583980209844,"SdotYam","Fall",45,"2017-12-10",2,2017,"SdotYam45","N"
"322","SdotYam452Fall2018",0,0,0,0,0,93,1,0,0,0,0,0,0,0,0,0,0,0,0,0,0,0,0,0,0,0,0,0,15,0,0,0,0,0,0,0,0,0,0,0,0,1,0,0,2,0,0,0,0,0,0,0,0,0,0.00265550260826043,0.163796848062341,0,0.0391266460255081,0.253495122001242,0.412134004802019,"SdotYam","Fall",45,"2018-12-25",2,2018,"SdotYam45","N"
"323","SdotYam452Fall2019",0,0,0,0,0,71,2,0,0,0,0,0,0,0,0,0,0,0,0,0,0,0,0,0,0,0,0,0,0,0,0,0,0,0,50,0,0,0,0,0,0,3,0,0,0,0,0,0,0,0,0,0,0,0,0.0197455621114915,0.0857205941175799,0,0.013224300516557,0.163064721448868,0.348239913602668,"SdotYam","Fall",45,"2019-11-11",2,2019,"SdotYam45","N"
"324","SdotYam452Fall2020",0,0,0,0,0,25,3,0,0,0,0,0,0,0,0,0,1,0,0,0,0,0,0,0,2,0,0,0,0,0,14,0,0,0,0,0,0,0,0,0,0,1,0,0,0,0,0,0,0,0,0,0,0,0,0.0320510859663963,0.0637734428459577,0,0.0726532893181797,0.33784740555299,0.31431196831222,"SdotYam","Fall",45,"2020-11-09",2,2020,"SdotYam45","N"
"325","SdotYam452Fall2021",0,0,0,0,0,90,1,0,0,0,0,0,0,0,0,0,0,0,0,0,0,0,0,0,0,0,0,0,0,0,0,0,0,0,0,0,0,0,0,0,0,2,0,0,0,0,0,0,0,0,0,0,0,3,0.0151455010293155,0.120542654346142,0,0,0.32313836549848,0.383768450571391,"SdotYam","Fall",45,"2021-11-04",2,2021,"SdotYam45","N"
"326","SdotYam452Spring2015",0,0,0,0,0,2,0,0,0,0,0,0,0,0,0,0,0,0,0,0,0,0,0,0,0,0,0,0,0,0,0,0,0,0,0,0,0,0,0,0,0,1,0,0,0,0,0,0,0,0,0,0,0,0,0.518383594013728,0.0191009339484641,0.14325700461348,0,0.212838978282885,0.106419489141443,"SdotYam","Spring",45,"2015-06-18",2,2015,"SdotYam45","N"
"327","SdotYam452Spring2016",0,0,0,0,0,0,7,0,0,0,0,0,0,0,0,0,0,0,0,0,0,0,0,0,0,0,0,0,0,0,0,0,0,0,0,0,0,0,0,0,0,1,0,0,0,0,0,0,0,0,0,0,0,0,0.200445177140731,0,0,0,0.592355012733093,0.0895999178924006,"SdotYam","Spring",45,"2016-05-18",2,2016,"SdotYam45","N"
"328","SdotYam452Spring2017",0,0,0,0,0,2,3,0,0,0,0,0,0,0,0,1,0,0,0,0,0,0,0,0,0,0,0,0,0,0,0,0,0,0,0,0,0,0,0,0,0,2,0,0,0,0,0,0,0,0,0,0,0,0,0.329288652078523,0,0.0496363624733748,0,0.414818172098918,0.165927268839567,"SdotYam","Spring",45,"2017-05-11",2,2017,"SdotYam45","N"
"329","SdotYam452Spring2018",0,0,0,0,0,0,0,0,0,0,0,0,0,0,0,0,0,0,0,0,0,0,0,0,0,0,0,0,0,0,0,0,0,0,0,0,0,0,0,0,0,4,0,0,0,0,0,0,0,0,0,0,0,0,0.427728613569322,0,0,0,0.204382638010957,0.367888748419722,"SdotYam","Spring",45,"2018-05-23",2,2018,"SdotYam45","N"
"330","SdotYam452Spring2019",0,0,0,0,0,35,0,0,0,0,0,0,0,0,0,0,0,0,0,0,0,0,0,0,0,0,0,0,0,0,0,0,0,2,0,0,0,0,0,0,0,1,0,0,0,0,0,0,0,0,0,0,0,0,0.391967912782492,0,0,0.00908069919749265,0.250511987384797,0.348439400635218,"SdotYam","Spring",45,"2019-05-20",2,2019,"SdotYam45","N"
"331","SdotYam452Spring2021",0,0,0,0,0,90,0,0,0,0,0,0,0,0,0,0,0,0,0,0,0,0,0,0,0,0,0,0,0,0,0,0,0,0,0,0,0,0,0,0,0,0,0,0,0,0,0,0,0,1,0,0,0,0,0.0296554428600448,0.28618262755914,0.0663825682482541,0,0.260261815195536,0.213688648265808,"SdotYam","Spring",45,"2021-05-12",2,2021,"SdotYam45","N"
"332","SdotYam453Fall2015",0,0,0,0,0,99,0,0,0,0,0,0,0,0,0,0,0,0,0,0,0,0,0,0,0,0,0,0,0,0,0,0,0,10,0,0,0,0,0,0,0,1,0,0,14,0,0,0,0,0,0,0,0,0,0.175944952216659,0,0,0,0.429271310768411,0.165040232101253,"SdotYam","Fall",45,"2015-11-25",3,2015,"SdotYam45","N"
"333","SdotYam453Fall2017",0,0,0,0,0,43,6,0,0,0,0,0,0,0,0,0,0,0,0,0,0,0,0,0,0,0,0,0,0,0,0,0,0,0,100,0,0,0,0,0,0,1,0,0,0,0,0,0,0,0,0,0,0,0,0.298690439049123,0,0.0256171287248143,0,0.417599860323559,0.133209069369034,"SdotYam","Fall",45,"2017-12-10",3,2017,"SdotYam45","N"
"334","SdotYam453Fall2018",1,0,0,0,0,22,0,0,0,0,0,0,0,0,0,0,0,0,0,0,0,0,0,0,0,0,0,0,4,0,0,0,0,0,0,0,0,0,0,0,0,0,0,0,0,0,0,0,0,0,0,0,0,2,0.0034068845208305,0.07965121297675,0,0.0334650935210692,0.230802906903247,0.198280679112335,"SdotYam","Fall",45,"2018-12-25",3,2018,"SdotYam45","N"
"335","SdotYam453Fall2019",0,0,0,0,0,160,2,0,0,0,0,0,0,0,0,0,0,0,0,0,0,0,0,0,0,0,0,0,0,0,0,0,0,0,240,0,0,0,0,0,0,4,0,0,0,0,0,0,0,1,0,0,0,0,NA,NA,NA,NA,NA,NA,NA,NA,NA,NA,NA,NA,NA,NA
"336","SdotYam453Fall2020",0,0,0,0,0,20,5,0,0,0,0,0,0,0,0,0,0,0,0,0,0,0,0,0,0,0,0,0,0,0,2,0,0,0,0,0,0,0,0,0,0,0,0,0,20,0,3,4,0,0,0,0,0,0,0.0384789520978874,0.0463409134307081,0,0.124332390189709,0.18397246688071,0.336763159713842,"SdotYam","Fall",45,"2020-11-09",3,2020,"SdotYam45","N"
"337","SdotYam453Fall2021",0,0,0,0,0,20,0,0,0,0,0,0,0,0,0,0,0,0,0,0,0,0,0,0,0,0,0,0,4,0,6,0,0,0,0,0,0,0,0,0,0,0,0,0,0,0,0,1,0,0,0,0,0,0,0.0193771360220098,0.127233256218366,0,0.00951687186903771,0.235693640216922,0.279252211700049,"SdotYam","Fall",45,"2021-11-04",3,2021,"SdotYam45","N"
"338","SdotYam453Spring2015",0,0,0,0,0,13,2,0,0,0,0,0,0,0,0,0,0,0,0,0,0,0,0,0,0,0,0,0,0,0,0,0,0,0,0,0,0,0,0,0,0,1,0,0,0,0,0,0,0,0,0,0,0,0,0.241345204264287,0.0184698105038547,0.184698105038547,0,0.366830958618225,0.188655921575087,"SdotYam","Spring",45,"2015-06-18",3,2015,"SdotYam45","N"
"339","SdotYam453Spring2016",0,0,0,0,0,28,5,0,0,0,0,0,0,0,0,0,0,0,0,0,0,0,0,0,0,0,0,0,0,0,0,0,0,0,0,0,0,0,0,0,0,1,0,0,0,0,0,0,0,0,0,0,0,0,0.280415335579037,0,0.0756263787335494,0.00829656475557926,0.504575997793682,0.131085723138152,"SdotYam","Spring",45,"2016-05-18",3,2016,"SdotYam45","N"
"340","SdotYam453Spring2017",0,0,0,0,0,0,0,0,0,0,0,0,0,0,0,0,0,0,0,0,0,0,0,0,0,0,0,0,0,0,0,0,0,0,0,0,0,0,0,0,0,1,0,0,0,0,0,0,0,0,0,0,0,0,0.292703643536784,0,0.0283638895335345,0,0.678932466929682,0,"SdotYam","Spring",45,"2017-05-11",3,2017,"SdotYam45","N"
"341","SdotYam453Spring2018",0,0,0,0,0,0,0,0,0,0,0,0,0,0,0,0,0,0,0,0,0,0,0,1,0,0,0,0,0,0,0,0,0,0,0,0,0,0,0,0,0,3,0,0,0,0,0,0,0,0,0,0,0,0,0.388716498736027,0,0,0,0.255669905471623,0.355613595792349,"SdotYam","Spring",45,"2018-05-23",3,2018,"SdotYam45","N"
"342","SdotYam453Spring2019",0,0,0,0,0,107,1,0,0,0,0,0,0,0,0,0,0,0,0,0,0,0,0,0,0,0,0,0,0,0,1,0,0,0,0,0,0,0,0,0,0,0,0,0,0,0,0,0,0,0,0,0,1,0,0.447528319358644,0,0,0,0.264546573135616,0.28792510750574,"SdotYam","Spring",45,"2019-05-20",3,2019,"SdotYam45","N"
"343","SdotYam453Spring2021",0,0,0,0,0,15,2,0,0,0,0,0,0,0,0,0,0,0,0,0,0,0,0,0,0,0,0,0,0,0,0,0,0,0,0,0,0,0,0,0,0,1,0,0,0,0,1,0,0,0,0,0,1,0,0.117380750247646,0.224338216600156,0,0.022756694418431,0.266337608749044,0.256825551293721,"SdotYam","Spring",45,"2021-05-12",3,2021,"SdotYam45","N"
"344","SdotYam454Fall2015",0,0,0,0,0,72,10,0,0,0,0,0,0,0,0,0,0,0,0,0,0,0,0,0,0,0,0,0,0,0,0,0,0,2,0,0,0,0,0,0,0,3,0,0,56,0,0,0,0,0,0,0,0,0,0.234799119160674,0,0,0.0145973495007758,0.411853789486173,0.230638122112257,"SdotYam","Fall",45,"2015-11-25",4,2015,"SdotYam45","N"
"345","SdotYam454Fall2017",0,0,0,0,0,100,0,0,0,0,0,0,0,0,0,0,0,0,0,0,0,0,0,0,0,0,0,0,0,0,0,0,0,0,0,0,0,0,1,0,0,1,0,0,6,0,0,0,0,0,0,0,0,0,0.242357964771356,0,0,0.0297578766871159,0.205234879691299,0.302255004636277,"SdotYam","Fall",45,"2017-12-10",4,2017,"SdotYam45","N"
"346","SdotYam454Fall2018",0,0,0,0,0,23,0,0,0,0,0,0,0,0,0,0,0,0,0,0,0,0,0,0,0,0,0,0,8,0,0,0,0,0,0,0,0,0,0,0,0,2,0,0,0,0,0,0,0,0,0,0,0,0,0.00596648090672048,0.186980332415225,0,0.0659333902729997,0.321527026639937,0.347249188771132,"SdotYam","Fall",45,"2018-12-25",4,2018,"SdotYam45","N"
"347","SdotYam454Fall2019",0,0,0,0,0,20,0,0,0,0,0,0,0,0,0,0,0,0,0,0,0,0,0,0,0,0,0,0,0,0,0,0,0,0,0,0,0,0,0,0,0,0,0,0,0,0,0,0,0,0,0,0,0,1,0.0278382431242873,0.125694883945007,0.0319563264266967,0.0105172719885331,0.191230715283566,0.249259346128234,"SdotYam","Fall",45,"2019-11-11",4,2019,"SdotYam45","N"
"348","SdotYam454Fall2020",0,0,0,0,0,4,12,0,0,0,0,0,0,0,0,0,0,0,0,0,0,0,0,0,0,0,0,0,0,0,0,0,0,0,0,0,0,0,0,0,0,0,0,0,0,0,4,0,0,0,0,0,0,0,0.00261124051422897,0.0623483888935903,0.019483871529247,0.192372402440666,0.402048142667001,0.289474662720241,"SdotYam","Fall",45,"2020-11-09",4,2020,"SdotYam45","N"
"349","SdotYam454Fall2021",0,0,0,0,0,30,0,0,0,0,0,0,0,0,0,0,0,0,0,0,0,0,0,0,0,0,0,0,1,0,0,0,0,0,0,0,0,0,0,0,0,1,0,0,0,0,0,0,0,0,0,0,0,2,0.0243422920574727,0.166831389667967,0,0,0.395615910598961,0.314826977276647,"SdotYam","Fall",45,"2021-11-04",4,2021,"SdotYam45","N"
"350","SdotYam454Spring2016",0,0,0,0,0,302,5,0,0,0,0,0,0,0,0,0,0,0,0,0,0,0,0,0,0,0,0,0,0,0,0,0,0,0,0,0,0,0,0,0,0,1,0,0,0,0,0,0,0,0,0,0,0,0,0.251574846922575,0,0.0272048608154847,0,0.65680306825956,0.0202093251772172,"SdotYam","Spring",45,"2016-05-18",4,2016,"SdotYam45","N"
"351","SdotYam454Spring2017",0,0,0,0,0,57,3,0,0,0,0,0,0,0,0,2,0,0,0,0,0,0,0,0,0,0,0,0,0,0,0,0,0,0,0,0,0,0,0,0,0,1,0,0,0,0,11,0,0,0,0,0,0,0,0.337011642154648,0,0,0,0.350601987226521,0.201946744642476,"SdotYam","Spring",45,"2017-05-11",4,2017,"SdotYam45","N"
"352","SdotYam454Spring2018",0,0,0,0,0,1,4,0,0,0,0,0,0,0,0,0,0,0,0,0,0,0,0,0,0,0,0,0,0,0,0,0,0,0,0,0,0,0,0,0,0,2,0,0,0,0,0,0,0,0,0,0,0,0,0.504865182596653,0,0.0313922581486381,0.0206632585282174,0.233199631961311,0.20987966876518,"SdotYam","Spring",45,"2018-05-23",4,2018,"SdotYam45","N"
"353","SdotYam454Spring2019",0,0,0,0,0,1,4,0,0,0,0,0,0,0,0,0,0,0,0,0,0,0,0,0,1,0,0,0,0,0,0,0,0,0,0,0,0,0,0,0,0,1,0,0,5,0,0,0,0,0,0,0,0,0,0.427768244986748,0,0,0.0662457836346224,0.160206640014342,0.299052394693438,"SdotYam","Spring",45,"2019-05-20",4,2019,"SdotYam45","N"
"354","SdotYam454Spring2021",0,0,0,0,0,70,2,0,0,0,0,0,0,0,0,0,1,0,0,0,0,0,0,0,2,0,0,0,0,0,0,0,0,0,0,0,0,0,0,0,0,0,0,0,0,0,0,0,0,0,0,0,0,0,0.103666324305043,0.157280420746908,0.0193377566492099,0.0127286499463154,0.219468190542621,0.330399385035073,"SdotYam","Spring",45,"2021-05-12",4,2021,"SdotYam45","N"
