"","site_id","site","reserve","sample_date","sample_year","depth_category","season","visibility","date_id","taxonomy_group","long","lat","tag","Algae","Bryozoan","Hard.Substrate","Hydrozoa","Soft.Substrate","Sponge","Rugosity","SD","VerRelief","Slope","Curvature","mean_depth","LogVR","n_species_sample","n_ind_sample","Acantholabrus palloni","Argyrosomus regius","Atherinomorus forskalii","Balistes capriscus","Cheilodipterus novemstriatus","Chromis chromis","Coris julis","Dasyatis pastinaca","Diplodus cervinus","Diplodus puntazzo","Diplodus sargus","Diplodus vulgaris","Echeneis sp","Epinephelus costae","Epinephelus marginatus","Fistularia commersonii","Gobius bucchichi","Gobius vittatus","Muraena helena","Mycteroperca rubra","Pagrus auriga","Pagrus caeruleostictus","Parablennius rouxi","Parupeneus forsskali","Pterois miles","Salpa salpa","Saprisoma cretense","Sardin sp","Sargocentron rubrum","Scarus ghobban","Sciaena umbra","Scomber sp","Scomberomorus commerson","Seriola dumerili","Serranus cabrilla","Serranus scriba","Siganus luridus","Siganus rivulatus","Sparisoma cretense","Symphodus mediterraneus","Symphodus tinca","Synodus saurus","Taeniurops grabatus","Thalassoma pavo","Torquigener flavimaculosus"
"1","Achziv25","Achziv","R","01/05/2019",2019,25,"Spring",13,18017,"fish",35.092,33.073,"Achziv251Spring2019",0.498177236905592,0,0,0,0.221010025197019,0.280812737897389,NA,NA,NA,NA,NA,NA,NA,6,45,0,0,0,0,0,20,9,0,0,0,0,0,0,0,0,0,0,0,0,3,0,0,0,0,0,0,0,0,5,0,0,0,0,0,1,0,0,0,0,0,0,0,0,7,0
"2","Achziv25","Achziv","R","01/05/2019",2019,25,"Spring",13,18017,"fish",35.092,33.073,"Achziv252Spring2019",0.643823419539505,0,0,0.0128539408655618,0.169243554729897,0.174079084865037,NA,NA,NA,NA,NA,NA,NA,7,16,0,0,0,0,0,0,1,0,0,0,0,0,0,0,3,0,0,0,0,1,0,0,0,0,0,0,0,0,6,0,0,0,0,0,1,0,0,0,0,0,0,0,0,3,1
"3","Achziv25","Achziv","R","01/05/2019",2019,25,"Spring",13,18017,"fish",35.092,33.073,"Achziv253Spring2019",0.623492071679805,0.00504304614992212,0,0.0124480253067698,0.218531999829959,0.140484857033545,NA,NA,NA,NA,NA,NA,NA,4,21,0,0,0,0,0,0,2,0,0,0,0,0,0,1,2,0,0,0,0,0,0,0,0,0,0,0,0,0,16,0,0,0,0,0,0,0,0,0,0,0,0,0,0,0,0
"4","Achziv25","Achziv","R","01/05/2019",2019,25,"Spring",13,18017,"fish",35.092,33.073,"Achziv254Spring2019",0.595751014460965,0.00911839817005343,0,0,0.141118066917493,0.254012520451488,NA,NA,NA,NA,NA,NA,NA,6,26,0,0,0,0,0,1,2,0,0,0,0,0,0,1,2,0,0,0,0,0,0,0,0,0,0,0,0,0,19,0,0,0,0,0,0,0,0,0,0,0,0,0,0,1,0
"5","Achziv25","Achziv","R","05/05/2017",2017,25,"Spring",11,17291,"fish",35.092,33.073,"Achziv251Spring2017",0.834734067601507,0,0.0333069537463374,0,0.0824743616575973,0.0494846169945584,1.04213354948417,0.232340872140691,0.948400000000003,0.00409380092165899,0.0592307692307692,25.0547728,-0.0529789247908835,5,33,0,0,0,0,0,0,4,0,0,0,0,0,0,0,2,0,0,0,0,0,0,0,0,0,0,0,0,0,3,0,0,0,0,0,0,0,0,0,0,0,0,0,0,23,1
"6","Achziv25","Achziv","R","05/05/2017",2017,25,"Spring",11,17291,"fish",35.092,33.073,"Achziv252Spring2017",0.629870971341403,0,0,0.0108927588197747,0.211717193251017,0.147519076587805,1.02652090278904,0.77625402103576,2.4661,0.0244592848042877,0.0743333333333333,27.1880330097087,0.902637955420369,4,18,0,0,0,0,0,1,8,0,0,0,0,0,0,0,0,0,0,0,0,0,0,0,0,0,0,0,0,0,8,0,0,0,0,0,0,0,0,0,0,0,0,0,0,1,0
"7","Achziv25","Achziv","R","05/05/2017",2017,25,"Spring",11,17291,"fish",35.092,33.073,"Achziv253Spring2017",0.805351170568562,0,0,0,0.0648829431438127,0.129765886287625,1.0772371977732,0.269502609802675,1.0248,0.005772753387658,0.0980555555555556,27.3961515625,0.0244974716003865,5,13,0,0,0,0,0,0,1,0,0,0,0,0,0,0,0,0,0,0,0,0,0,0,0,0,0,0,0,0,3,0,0,0,0,0,3,0,0,0,0,0,0,0,0,5,1
"8","Achziv25","Achziv","R","05/05/2017",2017,25,"Spring",11,17291,"fish",35.092,33.073,"Achziv254Spring2017",0.617495073397588,0,0,0.0180521465098149,0.0792288652375212,0.285223914855076,1.02466027545081,0.220965843301447,0.826000000000001,0.0135379633544751,0.284444444444444,28.3511068181818,-0.191160505461158,4,20,0,0,0,0,0,1,1,0,0,0,0,0,0,0,0,0,0,0,0,0,0,0,0,0,0,0,0,0,13,0,0,0,0,0,0,0,0,0,0,0,0,0,0,5,0
"9","Achziv25","Achziv","R","05/11/2019",2019,25,"Fall",7,18205,"fish",35.092,33.073,"Achziv252Fall2019",0.859025441719194,0,0,0,0.0554394330317777,0.0855351252490284,NA,NA,NA,NA,NA,NA,NA,7,81,0,0,0,0,0,60,0,0,0,0,0,0,0,0,1,0,0,0,0,3,0,0,0,1,0,0,0,0,9,0,0,0,0,0,0,0,2,0,0,0,0,0,0,5,0
"10","Achziv25","Achziv","R","05/11/2019",2019,25,"Fall",9,18205,"fish",35.092,33.073,"Achziv251Fall2019",0.645005543592476,0.00408724727933824,0,0,0.164463045287658,0.136630837623593,NA,NA,NA,NA,NA,NA,NA,7,111,0,0,0,0,0,91,6,0,0,0,0,0,0,0,0,0,0,0,0,2,0,0,0,3,0,0,0,0,7,0,0,0,0,0,1,0,0,0,0,0,0,0,0,1,0
"11","Achziv25","Achziv","R","05/11/2019",2019,25,"Fall",9,18205,"fish",35.092,33.073,"Achziv253Fall2019",0.695302019511783,0.00838468325005662,0,0.0103481850238041,0.07136962528322,0.163501323376104,NA,NA,NA,NA,NA,NA,NA,9,230,0,0,0,0,0,190,3,1,0,0,0,0,0,0,1,0,0,0,0,4,0,0,0,5,0,0,0,0,5,0,0,0,0,0,1,0,0,20,0,0,0,0,0,0,0
"12","Achziv25","Achziv","R","05/11/2019",2019,25,"Fall",10,18205,"fish",35.092,33.073,"Achziv254Fall2019",0.857590422784465,0.0423946595369164,0,0.0130806307115486,0.0574094347895743,0.0295248521774953,NA,NA,NA,NA,NA,NA,NA,8,114,0,0,0,0,0,90,2,1,0,0,0,0,0,0,0,0,0,0,0,0,0,0,0,4,0,0,0,0,10,0,0,0,0,0,0,0,0,3,2,0,0,0,0,2,0
"13","Achziv25","Achziv","R","09/11/2017",2017,25,"Fall",12,17479,"fish",35.092,33.073,"Achziv251Fall2017",0.804306024020427,0,0,0,0.0305771837468083,0.165116792232765,1.03013150382987,0.374750187730766,1.6355,0.00785000108833668,0.0338709677419355,25.5051610738255,0.491948567996302,7,38,0,0,0,0,0,3,12,0,0,0,0,0,0,6,2,0,0,0,0,1,0,0,0,0,0,0,0,0,4,0,0,0,0,0,0,0,0,10,0,0,0,0,0,0,0
"14","Achziv25","Achziv","R","09/11/2017",2017,25,"Fall",12,17479,"fish",35.092,33.073,"Achziv252Fall2017",0.697789084049106,0,0,0,0.152491746580726,0.149719169370168,1.03179301527001,0.436620283255739,2.0071,0.00879699078615664,0.0403225806451613,26.5946148648649,0.696690894183311,6,32,0,0,0,0,0,4,10,0,0,0,0,0,0,0,0,0,0,0,0,0,0,0,0,3,0,0,0,0,4,0,0,0,0,0,1,0,0,10,0,0,0,0,0,0,0
"15","Achziv25","Achziv","R","09/11/2017",2017,25,"Fall",12,17479,"fish",35.092,33.073,"Achziv253Fall2017",0.902708124373119,0,0,0,0.0694941968763433,0.0277976787505373,1.01767567978577,0.584394064544814,2.1558,0.0193913101989809,0.0573076923076923,23.3888568627451,0.768161884365391,8,70,0,0,0,0,0,5,2,0,0,0,0,0,0,3,2,0,0,0,0,16,0,0,0,0,0,0,0,0,0,0,0,0,0,0,1,0,0,40,0,0,0,0,0,1,0
"16","Achziv25","Achziv","R","09/11/2017",2017,25,"Fall",12,17479,"fish",35.092,33.073,"Achziv254Fall2017",0.765611089914791,0,0,0,0.0616812921276866,0.172707617957523,NA,NA,NA,NA,NA,NA,NA,9,41,0,0,0,0,0,7,4,0,0,0,0,0,1,0,0,0,0,0,0,0,0,0,0,3,0,0,0,0,10,0,0,0,0,0,4,0,0,9,0,0,0,0,0,2,1
"17","Achziv25","Achziv","R","10/04/2018",2018,25,"Spring",7,17631,"fish",35.092,33.073,"Achziv253Spring2018",0.547748687685436,0,0,0,0.144575844096564,0.260236519373815,1.02432766282622,0.188739642251047,0.711600000000001,0.0032067561780487,0.0630769230769231,24.9943037735849,-0.340239323190456,6,22,0,0,0,0,0,0,4,0,0,0,0,0,0,0,0,0,0,0,0,0,0,0,0,0,0,0,0,0,7,0,0,0,0,0,2,0,0,2,0,0,0,0,0,4,3
"18","Achziv25","Achziv","R","10/04/2018",2018,25,"Spring",7,17631,"fish",35.092,33.073,"Achziv254Spring2018",0.526332832495726,0,0,0,0.270128490751775,0.2035386767525,1.03590279287947,0.833049764938607,2.4288,0.0237131748890744,0.071578947368421,26.5093145631068,0.887397308219175,5,27,0,0,0,0,0,0,7,0,0,0,0,0,0,0,1,0,0,0,0,1,0,0,0,0,0,0,0,0,16,0,0,0,0,0,0,0,0,0,0,0,0,0,0,2,0
"19","Achziv25","Achziv","R","10/04/2018",2018,25,"Spring",9,17631,"fish",35.092,33.073,"Achziv251Spring2018",0.76000430292599,0,0,0,0.18633206294566,0.0536636341283501,1.02914824517712,0.453783625109761,1.4869,0.0111168124135299,0.045609756097561,26.5358051470588,0.39669341572104,7,30,0,0,0,0,0,0,5,0,0,0,0,0,0,3,2,0,0,0,0,1,0,0,0,0,0,0,0,0,12,0,0,0,0,0,1,0,0,0,0,0,0,0,0,6,0
"20","Achziv25","Achziv","R","10/04/2018",2018,25,"Spring",9,17631,"fish",35.092,33.073,"Achziv252Spring2018",0.829216594588127,0,0,0,0.140937761747662,0.0298456436642109,1.03628602590771,0.372951690230211,1.6271,0.00926285764969777,0.0528571428571429,28.0772421875,0.486799289163138,7,20,0,0,0,0,0,0,2,0,0,0,0,0,0,2,1,0,0,0,0,0,0,0,0,0,0,2,0,0,8,0,0,0,0,0,0,0,1,0,0,0,0,0,0,4,0
"21","Achziv25","Achziv","R","10/05/2022",2022,25,"Spring",9,19122,"fish",35.092,33.073,"Achziv253Spring2022",0.365969876138582,0.0468634692877128,0.0270366168967574,0,0.479792661755155,0.0803373759217933,NA,NA,NA,NA,NA,NA,NA,6,18,0,0,0,0,0,0,2,0,0,0,0,0,0,4,1,0,0,0,0,0,0,0,0,0,1,0,0,0,5,0,0,0,0,0,0,0,0,0,0,0,0,0,0,5,0
"22","Achziv25","Achziv","R","10/05/2022",2022,25,"Spring",9,19122,"fish",35.092,33.073,"Achziv254Spring2022",0.356742880871786,0.0473217906934199,0.0295761191833874,0,0.500446715071286,0.0659124941801205,NA,NA,NA,NA,NA,NA,NA,8,34,0,0,0,0,0,0,1,0,0,0,0,0,0,9,1,0,0,0,0,14,0,0,0,0,0,0,0,0,3,0,0,0,0,0,0,0,0,0,0,0,0,0,0,4,0
"23","Achziv25","Achziv","R","10/05/2022",2022,25,"Spring",10,19122,"fish",35.092,33.073,"Achziv251Spring2022",0.353428014394809,0.0565096440598294,0.0235456850249289,0,0.286659371652706,0.279857284867726,NA,NA,NA,NA,NA,NA,NA,7,30,0,0,0,0,0,4,1,0,0,0,0,0,0,2,1,0,0,0,0,7,0,0,0,0,0,0,0,0,9,0,0,0,0,0,0,0,0,0,0,0,0,0,0,6,0
"24","Achziv25","Achziv","R","10/05/2022",2022,25,"Spring",10,19122,"fish",35.092,33.073,"Achziv252Spring2022",0.33734046496849,0.017122985401331,0,0,0.492897365481171,0.152639184149008,NA,NA,NA,NA,NA,NA,NA,6,22,0,0,0,0,0,1,8,0,0,0,0,0,0,0,0,0,0,0,0,1,0,0,0,0,0,0,0,0,4,0,0,0,0,0,0,0,0,1,0,0,0,0,0,7,0
"25","Achziv25","Achziv","R","11/04/2016",2016,25,"Spring",12,16902,"fish",35.092,33.073,"Achziv251Spring2016",0.786553677606629,0,0,0,0.15894938901634,0.0544969333770308,NA,NA,NA,NA,NA,NA,NA,5,24,0,0,0,0,0,4,12,0,0,0,0,0,0,0,0,0,0,0,0,0,0,0,0,0,0,0,0,0,5,0,0,0,0,0,0,0,0,0,0,0,0,0,0,2,1
"26","Achziv25","Achziv","R","11/04/2016",2016,25,"Spring",12,16902,"fish",35.092,33.073,"Achziv252Spring2016",0.752233121230899,0,0,0,0.168598763659447,0.0791681151096534,NA,NA,NA,NA,NA,NA,NA,6,11,0,0,0,0,0,0,3,0,0,0,0,0,0,0,1,0,0,0,0,1,0,0,0,0,0,0,0,0,3,0,0,0,0,0,0,0,0,0,0,0,0,0,0,2,0
"27","Achziv25","Achziv","R","11/04/2016",2016,25,"Spring",12,16902,"fish",35.092,33.073,"Achziv253Spring2016",0.544654383288346,0,0.0298820560967023,0,0.20348257246802,0.221980988146931,NA,NA,NA,NA,NA,NA,NA,5,14,0,0,0,0,0,2,8,0,0,0,0,0,0,0,0,0,0,0,0,0,0,0,0,0,0,0,0,0,1,0,0,0,0,0,1,0,0,0,0,0,0,0,0,2,0
"28","Achziv25","Achziv","R","11/04/2016",2016,25,"Spring",12,16902,"fish",35.092,33.073,"Achziv254Spring2016",0.70511366214438,0,0,0,0.110032215617769,0.184854122237851,NA,NA,NA,NA,NA,NA,NA,6,20,0,0,0,0,0,4,9,0,0,0,0,0,0,1,0,0,0,0,0,0,0,0,0,0,0,0,0,0,1,0,0,0,0,0,1,0,0,0,0,0,0,0,0,4,0
"29","Achziv25","Achziv","R","11/05/2020",2020,25,"Spring",6,18393,"fish",35.092,33.073,"Achziv251Spring2020",0.667048040793837,0.0245787882077881,0.0307234852597351,0.0101115267943432,0.107776035593674,0.159762123350623,NA,NA,NA,NA,NA,NA,NA,5,15,0,0,0,0,0,0,8,0,0,0,0,0,0,0,0,0,0,0,0,2,0,0,0,0,0,0,0,0,3,0,0,0,0,0,1,0,0,0,0,0,0,0,0,1,0
"30","Achziv25","Achziv","R","11/05/2020",2020,25,"Spring",7,18393,"fish",35.092,33.073,"Achziv252Spring2020",0.628580874130974,0.0295777140356848,0,0,0.0784714862171229,0.211873012786232,NA,NA,NA,NA,NA,NA,NA,7,37,0,0,0,0,0,0,9,0,0,0,0,0,0,0,1,0,0,0,0,2,0,0,0,0,0,0,0,0,16,0,0,0,0,0,0,1,0,0,5,0,0,0,0,3,0
"31","Achziv25","Achziv","R","11/05/2020",2020,25,"Spring",7,18393,"fish",35.092,33.073,"Achziv253Spring2020",0.639646107549671,0.0778289194871358,0,0,0.0991937209149769,0.127534784033542,NA,NA,NA,NA,NA,NA,NA,5,24,0,0,0,0,0,0,12,0,0,0,0,0,0,0,0,0,0,0,0,1,0,0,0,0,2,0,0,0,0,0,0,0,0,0,0,0,0,1,0,0,0,0,0,8,0
"32","Achziv25","Achziv","R","11/05/2020",2020,25,"Spring",7,18393,"fish",35.092,33.073,"Achziv254Spring2020",0.641248844554229,0.0514484184629944,0,0.0126992931649163,0.151282849528091,0.14332059428977,NA,NA,NA,NA,NA,NA,NA,4,21,0,0,0,0,0,0,10,0,0,0,0,0,0,1,0,0,0,0,0,0,0,0,0,0,0,0,0,0,9,0,0,0,0,0,0,0,0,0,0,0,0,0,0,1,0
"33","Achziv25","Achziv","R","18/11/2015",2015,25,"Fall",12,16757,"fish",35.092,33.073,"Achziv251Fall2015",0.567629831952025,0,0,0.00974773722215569,0.128345206758383,0.198018318998648,NA,NA,NA,NA,NA,NA,NA,7,58,0,0,0,0,0,10,7,0,0,0,0,0,0,0,0,0,0,0,0,0,0,0,0,0,0,0,0,0,4,0,0,0,0,0,0,0,14,20,0,0,0,0,0,2,0
"34","Achziv25","Achziv","R","18/11/2015",2015,25,"Fall",12,16757,"fish",35.092,33.073,"Achziv252Fall2015",0.843003669897431,0,0,0.0127787710548603,0.144217559047709,0,NA,NA,NA,NA,NA,NA,NA,8,20,0,0,0,0,0,3,3,0,0,0,0,0,0,2,0,0,0,0,0,0,0,0,1,0,0,0,1,0,3,0,0,0,0,0,0,0,0,0,5,0,0,0,0,2,0
"35","Achziv25","Achziv","R","18/11/2015",2015,25,"Fall",15,16757,"fish",35.092,33.073,"Achziv253Fall2015",0.736905786540731,0,0.03617401887371,0,0.11943168136082,0.107488513224738,NA,NA,NA,NA,NA,NA,NA,8,20,0,0,0,0,0,3,5,0,0,0,0,0,0,1,0,0,1,0,0,0,0,0,1,0,0,0,0,0,3,0,0,0,0,0,0,0,2,0,0,0,0,0,0,4,0
"36","Achziv25","Achziv","R","18/11/2015",2015,25,"Fall",15,16757,"fish",35.092,33.073,"Achziv254Fall2015",0.659321238037977,0,0,0,0.215130150622294,0.0726064258350241,NA,NA,NA,NA,NA,NA,NA,8,107,0,0,0,0,0,55,4,0,0,0,0,0,0,0,1,3,0,0,0,0,0,0,0,0,0,0,0,0,2,0,0,0,0,0,0,0,0,40,1,0,0,0,0,0,0
"37","Achziv25","Achziv","R","19/10/2020",2020,25,"Fall",5,18554,"fish",35.092,33.073,"Achziv251Fall2020",0.757933265258071,0.0102591350748345,0,0,0.174649561393016,0.0571580382740781,NA,NA,NA,NA,NA,NA,NA,6,53,0,0,0,0,0,30,10,0,0,0,0,0,0,0,6,0,0,0,0,2,0,0,0,0,0,0,0,0,0,0,0,0,0,0,2,0,0,0,0,0,0,0,0,3,0
"38","Achziv25","Achziv","R","19/10/2020",2020,25,"Fall",5,18554,"fish",35.092,33.073,"Achziv252Fall2020",0.625036745252513,0,0,0,0.0926715268387324,0.282291727908754,NA,NA,NA,NA,NA,NA,NA,9,53,0,0,0,0,0,7,6,0,0,0,0,0,0,1,0,0,0,0,0,6,0,0,0,1,0,0,0,0,6,0,0,0,0,0,1,0,5,20,0,0,0,0,0,0,0
"39","Achziv25","Achziv","R","19/10/2020",2020,25,"Fall",5,18554,"fish",35.092,33.073,"Achziv253Fall2020",0.789268921800046,0.00969409122058935,0,0,0.120022081778725,0.0810149052006396,NA,NA,NA,NA,NA,NA,NA,7,84,0,0,0,0,0,46,7,0,0,0,0,0,0,0,4,0,0,0,0,4,0,0,0,7,0,0,0,0,6,0,0,0,0,0,0,0,0,10,0,0,0,0,0,0,0
"40","Achziv25","Achziv","R","19/10/2020",2020,25,"Fall",5,18554,"fish",35.092,33.073,"Achziv254Fall2020",0.808489634748273,0.00518931312295004,0,0,0.128497277330191,0.0578237747985861,NA,NA,NA,NA,NA,NA,NA,9,59,0,0,0,0,0,10,12,0,0,0,0,0,0,0,1,0,0,0,0,9,0,0,0,2,0,0,0,0,1,0,0,0,0,0,1,0,0,20,0,0,0,0,0,3,0
"41","Achziv25","Achziv","R","20/04/2021",2021,25,"Spring",5,18737,"fish",35.092,33.073,"Achziv251Spring2021",0.381923465468673,0,0.172711310724761,0.0378944648003696,0.279170928182088,0.128299830824108,NA,NA,NA,NA,NA,NA,NA,5,18,0,0,0,0,0,0,1,0,0,0,0,0,0,0,1,0,0,0,0,5,0,0,0,0,0,0,0,0,9,0,0,0,0,0,0,0,0,0,0,0,0,0,0,2,0
"42","Achziv25","Achziv","R","20/04/2021",2021,25,"Spring",5,18737,"fish",35.092,33.073,"Achziv253Spring2021",0.362000183326569,0.0303278966004229,0.113729612251586,0.0187149994844382,0.369621239817654,0.10560606851933,NA,NA,NA,NA,NA,NA,NA,5,15,0,0,0,0,0,3,5,0,0,0,0,0,0,0,0,0,0,0,0,4,0,0,0,0,2,0,0,0,1,0,0,0,0,0,0,0,0,0,0,0,0,0,0,0,0
"43","Achziv25","Achziv","R","20/04/2021",2021,25,"Spring",6,18737,"fish",35.092,33.073,"Achziv252Spring2021",0.249139329437054,0.0326133805066049,0.0733801061398611,0.0563509675841971,0.29779122438769,0.290724991944592,NA,NA,NA,NA,NA,NA,NA,9,23,0,0,0,0,0,0,2,0,0,0,0,0,0,1,1,0,0,0,0,1,0,0,0,0,0,0,0,0,10,1,0,0,0,0,2,0,0,2,0,0,0,0,0,3,0
"44","Achziv25","Achziv","R","20/04/2021",2021,25,"Spring",6,18737,"fish",35.092,33.073,"Achziv254Spring2021",0.265699513879117,0.0881123174231601,0,0.0189123851376073,0.456523963460576,0.17075182009954,NA,NA,NA,NA,NA,NA,NA,5,15,0,0,0,0,0,0,4,0,0,0,0,0,0,2,0,0,0,0,0,2,0,0,0,0,0,0,0,0,4,0,0,0,0,0,0,0,0,0,0,0,0,0,0,3,0
"45","Achziv25","Achziv","R","20/05/2015",2015,25,"Spring",15,16575,"fish",35.092,33.073,"Achziv251Spring2015",0.526929601357082,0,0.359944868532655,0,0.051420695504665,0.061704834605598,1.03762079600288,0.473440055574657,1.5636,0.00301598281161409,0.080952380952381,26.4269827956989,0.446990854936663,4,7,0,0,0,0,0,0,2,0,0,0,0,0,0,0,0,0,0,0,0,0,0,0,0,0,0,0,0,0,2,0,0,0,0,0,1,0,0,0,0,0,0,0,0,2,0
"46","Achziv25","Achziv","R","20/05/2015",2015,25,"Spring",15,16575,"fish",35.092,33.073,"Achziv252Spring2015",0.602766227007249,0,0.224878169306551,0,0.0530324934419077,0.119323110244292,1.03914925920138,0.286452101798276,1.0638,0.00795167090091847,0.1315625,26.1736294117647,0.0618474033260806,6,35,0,0,0,0,0,0,0,0,0,0,0,0,0,0,1,0,0,0,0,2,0,0,0,0,0,0,0,0,7,0,0,0,0,0,0,0,2,18,0,0,0,0,0,5,0
"47","Achziv25","Achziv","R","20/05/2015",2015,25,"Spring",15,16575,"fish",35.092,33.073,"Achziv253Spring2015",0.601730089805376,0,0.227745112027787,0,0.0738493220407563,0.096675476126081,1.03356699432636,0.465421472709169,1.442,0.015496460933261,0.115384615384615,25.6707229166667,0.366031038862757,4,7,0,0,0,0,0,1,2,0,0,0,0,0,0,0,1,0,0,0,0,0,0,0,0,0,0,0,0,0,0,0,0,0,0,0,0,0,0,0,0,0,0,0,0,3,0
"48","Achziv25","Achziv","R","20/05/2015",2015,25,"Spring",15,16575,"fish",35.092,33.073,"Achziv254Spring2015",0.583368094480799,0,0.227598613030216,0,0.0410941940193446,0.14793909846964,1.12567452092657,0.251141193816227,1.205,0.000155111434605225,0.0555555555555556,25.3736776315789,0.186479566942617,5,7,0,0,0,0,0,1,2,0,0,0,0,0,0,0,1,0,0,0,0,0,0,0,0,0,0,0,0,0,1,0,0,0,0,0,0,0,0,0,0,0,0,0,0,2,0
"49","Achziv25","Achziv","R","28/11/2021",2021,25,"Fall",10,18959,"fish",35.092,33.073,"Achziv252Fall2021",0.108680567266559,0.306349154568471,0,0,0.264944822053264,0.100400143093869,NA,NA,NA,NA,NA,NA,NA,6,55,0,0,0,0,0,0,0,2,0,0,0,0,0,0,0,0,0,0,0,4,0,0,0,1,0,0,0,0,10,0,0,0,0,0,0,0,14,24,0,0,0,0,0,0,0
"50","Achziv25","Achziv","R","28/11/2021",2021,25,"Fall",10,18959,"fish",35.092,33.073,"Achziv253Fall2021",0.0528811662409964,0.61962866243866,0,0,0.262354004648894,0.0651361666714495,NA,NA,NA,NA,NA,NA,NA,7,44,0,0,0,0,0,13,0,0,0,0,0,0,0,0,2,0,0,0,0,7,0,0,0,15,2,0,0,0,2,0,0,0,0,0,0,0,0,0,0,0,0,0,0,3,0
"51","Achziv25","Achziv","R","28/11/2021",2021,25,"Fall",10,18959,"fish",35.092,33.073,"Achziv254Fall2021",0.0426520609582987,0.715304746855219,0,0,0.140722786154931,0.10132040603155,NA,NA,NA,NA,NA,NA,NA,10,87,0,0,0,0,0,40,0,1,0,0,0,0,0,0,0,0,0,0,0,3,0,0,0,18,1,0,0,0,0,0,0,0,0,0,0,1,11,1,0,0,0,0,0,10,1
"52","Achziv25","Achziv","R","28/11/2021",2021,25,"Fall",12,18959,"fish",35.092,33.073,"Achziv251Fall2021",0.116321064805421,0.407791259181106,0,0,0.383780383881833,0.0921072921316398,NA,NA,NA,NA,NA,NA,NA,7,35,0,0,0,0,0,5,2,0,0,0,0,0,0,0,1,0,0,0,0,15,0,0,0,5,3,0,0,0,4,0,0,0,0,0,0,0,0,0,0,0,0,0,0,0,0
"53","Achziv25","Achziv","R","30/10/2022",2022,25,"Fall",10,19295,"fish",35.092,33.073,"Achziv254Fall2022",0.565873718962937,0.139651919988945,0,0,0.148587980345381,0.145886380702737,NA,NA,NA,NA,NA,NA,NA,9,74,0,0,0,0,0,53,4,0,0,0,0,0,0,0,1,0,0,0,0,1,0,0,0,3,1,0,0,0,5,0,0,0,0,0,0,2,0,0,4,0,0,0,0,0,0
"54","Achziv25","Achziv","R","30/10/2022",2022,25,"Fall",12,19295,"fish",35.092,33.073,"Achziv251Fall2022",0.411060593435085,0.185887541087195,0.034853913953849,0.0114709083898743,0.201378169511127,0.15534887362287,NA,NA,NA,NA,NA,NA,NA,10,80,0,0,0,0,0,20,8,0,0,0,0,0,0,0,1,0,0,0,0,2,0,0,0,3,0,0,0,0,5,0,0,0,0,0,0,0,12,9,4,0,0,0,0,16,0
"55","Achziv25","Achziv","R","30/10/2022",2022,25,"Fall",12,19295,"fish",35.092,33.073,"Achziv252Fall2022",0.247789016275336,0.315851576194555,0,0,0.178835822758241,0.257523584771867,NA,NA,NA,NA,NA,NA,NA,11,63,0,0,0,0,2,4,3,0,0,0,0,0,0,1,0,0,0,0,0,0,0,0,0,9,0,0,0,0,13,2,0,0,0,0,0,0,13,3,7,0,0,0,0,6,0
"56","Achziv25","Achziv","R","30/10/2022",2022,25,"Fall",12,19295,"fish",35.092,33.073,"Achziv253Fall2022",0.60040988502801,0.168137575400816,0,0,0.15749729024074,0.0739552493304343,NA,NA,NA,NA,NA,NA,NA,9,53,0,0,0,0,0,11,7,0,0,0,0,0,0,0,5,0,0,0,0,9,0,0,0,2,1,0,0,0,5,0,0,0,0,0,0,0,0,0,0,0,0,0,1,12,0
"57","Achziv25","Achziv","R","31/10/2018",2018,25,"Fall",9,17835,"fish",35.092,33.073,"Achziv251Fall2018",0.804713405968735,0,0,0,0.106669148000271,0.0886174460309941,1.06218413209809,0.957144736576592,4.3993,0.0219258821072148,0.0421739130434783,23.41645390625,1.48144543735882,6,37,0,0,0,0,0,31,1,0,0,0,0,0,0,2,0,0,0,0,0,1,0,0,0,0,0,0,0,0,1,0,0,0,0,0,0,0,0,0,0,0,0,0,0,1,0
"58","Achziv25","Achziv","R","31/10/2018",2018,25,"Fall",10,17835,"fish",35.092,33.073,"Achziv252Fall2018",0.700021756697955,0,0,0,0.218577111953751,0.0814011313482936,1.04255088252129,0.512024936372353,1.814,0.00922705582646338,0.0485714285714286,24.6355707142857,0.595534351692945,7,55,0,0,0,0,0,31,0,0,0,0,0,0,0,1,1,0,0,0,0,1,0,0,0,0,0,0,0,0,17,0,0,0,0,0,0,0,1,0,0,0,0,0,0,3,0
"59","Achziv25","Achziv","R","31/10/2018",2018,25,"Fall",10,17835,"fish",35.092,33.073,"Achziv253Fall2018",0.661173853793017,0,0,0,0.174730972259206,0.164095173947777,1.02167978749713,0.137801017937789,0.602800000000002,0.000720290410818781,0.0605882352941176,22.3429745762712,-0.506169812229793,7,28,0,0,0,0,0,8,7,0,0,0,0,0,0,0,1,0,0,0,0,5,0,0,0,0,0,0,0,0,1,0,0,0,0,0,0,0,0,0,0,0,0,0,0,5,1
"60","Achziv25","Achziv","R","31/10/2018",2018,25,"Fall",10,17835,"fish",35.092,33.073,"Achziv254Fall2018",0.670129507127551,0,0,0,0.248532563123078,0.0813379297493711,1.04240654864668,0.433437786843782,1.821,0.0116972915297189,0.0552,22.622362962963,0.599385800745472,5,92,0,0,0,0,0,70,0,0,0,0,0,0,0,0,0,0,0,0,0,2,0,0,0,11,0,0,0,0,3,0,0,0,0,0,0,0,0,6,0,0,0,0,0,0,0
"61","Achziv45","Achziv","R","01/11/2020",2020,45,"Fall",5,18567,"fish",35.073,33.088,"Achziv451Fall2020",0.00975827194664692,0.391565257565111,0,0.135792324388361,0.110180700180659,0.234384398566129,NA,NA,NA,NA,NA,NA,NA,4,96,0,0,0,0,0,10,0,0,0,0,0,0,0,0,0,0,0,0,0,0,0,0,0,0,0,0,0,0,0,21,60,0,0,0,0,0,0,0,0,0,0,0,0,5,0
"62","Achziv45","Achziv","R","01/11/2020",2020,45,"Fall",5,18567,"fish",35.073,33.088,"Achziv452Fall2020",0.00344371314573663,0.445386900181938,0.0256953980874195,0.0761104196513438,0.174973425071476,0.190880100077973,NA,NA,NA,NA,NA,NA,NA,5,71,0,0,0,0,0,52,0,0,0,0,0,0,0,0,5,0,0,0,0,3,0,0,0,0,0,0,0,0,0,0,0,0,0,1,0,0,0,0,0,0,0,0,0,10,0
"63","Achziv45","Achziv","R","01/11/2020",2020,45,"Fall",5,18567,"fish",35.073,33.088,"Achziv453Fall2020",0.0211877816490528,0.518546508420202,0,0.114467660858427,0.228357202217569,0.11744084685475,NA,NA,NA,NA,NA,NA,NA,5,46,0,0,0,0,0,20,3,0,0,0,0,0,0,0,0,0,0,0,0,0,0,0,0,2,0,0,0,0,0,0,0,0,0,0,1,0,0,0,20,0,0,0,0,0,0
"64","Achziv45","Achziv","R","01/11/2020",2020,45,"Fall",5,18567,"fish",35.073,33.088,"Achziv454Fall2020",0.0124750679040759,0.554362162793775,0,0.0408466358378183,0.134453509632818,0.207442557719206,NA,NA,NA,NA,NA,NA,NA,8,40,0,0,0,0,0,5,0,0,0,0,20,1,0,0,2,0,0,0,0,6,0,0,0,0,2,0,0,0,0,2,0,0,0,0,0,0,0,0,0,0,0,0,0,2,0
"65","Achziv45","Achziv","R","04/05/2017",2017,45,"Spring",4,17290,"fish",35.073,33.088,"Achziv453Spring2017",0.18562472874572,0.381133240102233,0.0294690649563582,0,0.206751217630323,0.197021748565366,NA,NA,NA,NA,NA,NA,NA,3,70,0,0,0,0,0,0,0,0,0,0,0,5,0,25,0,0,0,0,0,0,0,0,0,0,0,0,0,0,0,0,40,0,0,0,0,0,0,0,0,0,0,0,0,0,0
"66","Achziv45","Achziv","R","04/05/2017",2017,45,"Spring",5,17290,"fish",35.073,33.088,"Achziv454Spring2017",0.479054282313871,0.291794445114258,0.0364743056392822,0,0.165581768457694,0.0270951984748953,NA,NA,NA,NA,NA,NA,NA,2,2,0,0,0,0,0,0,1,0,0,0,0,0,0,0,0,0,0,0,0,0,0,0,0,0,0,0,0,0,0,0,0,0,0,0,1,0,0,0,0,0,0,0,0,0,0
"67","Achziv45","Achziv","R","04/05/2017",2017,45,"Spring",6,17290,"fish",35.073,33.088,"Achziv451Spring2017",0.260002597179747,0.361244987805707,0,0,0.324398423793779,0,NA,NA,NA,NA,NA,NA,NA,3,12,0,0,0,0,0,2,7,0,0,0,0,0,0,0,0,0,0,0,0,0,0,0,0,0,0,0,0,0,0,0,0,0,0,0,3,0,0,0,0,0,0,0,0,0,0
"68","Achziv45","Achziv","R","04/05/2017",2017,45,"Spring",6,17290,"fish",35.073,33.088,"Achziv452Spring2017",0.265795844559279,0.468556345325642,0,0,0.136413740329365,0.129234069785714,NA,NA,NA,NA,NA,NA,NA,4,7,0,0,0,0,0,4,1,0,0,0,0,0,0,0,0,0,0,0,0,1,0,0,0,0,0,0,0,0,0,0,0,0,0,0,1,0,0,0,0,0,0,0,0,0,0
"69","Achziv45","Achziv","R","05/05/2019",2019,45,"Spring",5,18021,"fish",35.073,33.088,"Achziv451Spring2019",0.115615517176076,0.194899434510211,0.0838706582933287,0.173504580628514,0.210152102979883,0.12460783517866,NA,NA,NA,NA,NA,NA,NA,3,13,0,0,0,0,0,3,6,0,0,0,0,0,0,0,0,0,0,0,0,0,0,0,0,0,0,0,0,0,0,0,0,0,0,0,4,0,0,0,0,0,0,0,0,0,0
"70","Achziv45","Achziv","R","05/05/2019",2019,45,"Spring",5,18021,"fish",35.073,33.088,"Achziv452Spring2019",0.15340337491051,0.335756720060541,0.067330893060269,0.124093392779432,0.155609175072622,0.120041363627451,NA,NA,NA,NA,NA,NA,NA,6,133,0,0,0,0,0,16,2,0,0,0,3,0,0,0,0,0,0,0,0,10,0,0,0,0,2,0,0,0,0,0,100,0,0,0,0,0,0,0,0,0,0,0,0,0,0
"71","Achziv45","Achziv","R","05/05/2019",2019,45,"Spring",5,18021,"fish",35.073,33.088,"Achziv453Spring2019",0.121871498909237,0.242493033727097,0.0826680796796921,0.202110748149989,0.158400288728662,0.0965023297485385,NA,NA,NA,NA,NA,NA,NA,2,5,0,0,0,0,0,0,4,0,0,0,0,0,0,0,0,0,0,0,0,0,0,0,0,0,0,0,0,0,0,0,0,0,0,0,1,0,0,0,0,0,0,0,0,0,0
"72","Achziv45","Achziv","R","05/05/2019",2019,45,"Spring",5,18021,"fish",35.073,33.088,"Achziv454Spring2019",0.0935393277823597,0.31836192262768,0.085712825322837,0.173285603455573,0.164234325165073,0.0454802746610972,NA,NA,NA,NA,NA,NA,NA,4,7,0,0,0,0,0,4,1,0,0,0,0,0,0,0,0,0,0,0,0,0,0,0,0,0,1,0,0,0,0,0,0,0,0,0,1,0,0,0,0,0,0,0,0,0,0
"73","Achziv45","Achziv","R","08/06/2020",2020,45,"Spring",6,18421,"fish",35.073,33.088,"Achziv452Spring2020",0.395513761605047,0.17963467834771,0,0.0316715752963866,0.178718174886753,0.214461809864103,NA,NA,NA,NA,NA,NA,NA,3,8,0,0,0,0,0,2,5,0,0,0,0,0,0,0,0,0,0,0,0,0,0,0,0,0,0,0,0,0,0,0,0,0,0,0,1,0,0,0,0,0,0,0,0,0,0
"74","Achziv45","Achziv","R","08/06/2020",2020,45,"Spring",7,18421,"fish",35.073,33.088,"Achziv451Spring2020",0.140734528072795,0.189017296934692,0.0525048047040811,0.0691202492306891,0.33044690579632,0.175516061439357,NA,NA,NA,NA,NA,NA,NA,4,59,0,0,0,0,0,0,7,0,0,0,0,0,0,0,0,0,0,0,0,0,0,0,0,0,0,0,0,0,0,0,0,0,0,0,1,0,0,0,50,0,0,0,0,1,0
"75","Achziv45","Achziv","R","08/06/2020",2020,45,"Spring",7,18421,"fish",35.073,33.088,"Achziv453Spring2020",0.296950429831345,0.0690251418491264,0,0.0272605623505411,0.106824624290315,0.23074118846708,NA,NA,NA,NA,NA,NA,NA,6,155,0,0,0,0,0,0,0,0,3,0,2,0,0,10,0,0,0,0,0,1,0,0,0,0,0,0,0,0,0,0,100,0,0,0,0,0,0,0,0,0,0,0,0,0,0
"76","Achziv45","Achziv","R","08/06/2020",2020,45,"Spring",10,18421,"fish",35.073,33.088,"Achziv453Spring2020",0.296950429831345,0.0690251418491264,0,0.0272605623505411,0.106824624290315,0.23074118846708,NA,NA,NA,NA,NA,NA,NA,6,155,0,0,0,0,0,0,0,0,0,0,33,0,0,1,1,0,0,0,0,4,0,0,0,0,0,0,0,0,0,0,0,0,0,0,0,0,0,0,0,0,0,0,0,0,0
"77","Achziv45","Achziv","R","08/06/2020",2020,45,"Spring",10,18421,"fish",35.073,33.088,"Achziv454Spring2020",0.398474351274116,0.115092839921357,0.0719330249508484,0,0.0593732904356209,0.160307884176176,NA,NA,NA,NA,NA,NA,NA,4,7,0,0,0,0,0,3,0,0,0,0,0,0,0,1,0,0,0,0,0,0,0,0,0,0,1,0,0,0,0,0,0,0,0,0,2,0,0,0,0,0,0,0,0,0,0
"78","Achziv45","Achziv","R","09/11/2021",2021,45,"Fall",8,18940,"fish",35.073,33.088,"Achziv452Fall2021",0.115356627923571,0.141891341311679,0.172147583209022,0.00515056060234128,0.190529864821529,0.0697533064431362,NA,NA,NA,NA,NA,NA,NA,7,103,0,7,0,0,0,30,0,0,0,0,2,0,0,8,10,0,0,0,0,16,0,0,0,0,0,0,0,0,0,0,30,0,0,0,0,0,0,0,0,0,0,0,0,0,0
"79","Achziv45","Achziv","R","09/11/2021",2021,45,"Fall",8,18940,"fish",35.073,33.088,"Achziv453Fall2021",0.253699472805119,0.199261934106045,0.199261934106045,0.0163949692618898,0.179889246067957,0.111017363287654,NA,NA,NA,NA,NA,NA,NA,6,17,0,0,0,0,0,8,2,0,0,0,0,0,0,0,0,0,0,0,0,0,0,0,3,0,0,0,0,0,0,0,0,0,0,0,1,0,0,0,0,0,0,0,0,2,1
"80","Achziv45","Achziv","R","09/11/2021",2021,45,"Fall",9,18940,"fish",35.073,33.088,"Achziv451Fall2021",0.0939451528104807,0.285309273798523,0.110680321732186,0.0303553625003885,0.095161652282964,0.0548131117149873,NA,NA,NA,NA,NA,NA,NA,10,46,0,0,0,0,1,23,3,0,0,0,0,0,0,0,2,0,0,0,0,0,0,2,0,6,1,0,0,0,0,0,0,0,0,0,1,0,0,0,3,0,0,0,0,4,0
"81","Achziv45","Achziv","R","09/11/2021",2021,45,"Fall",9,18940,"fish",35.073,33.088,"Achziv454Fall2021",0.0988463519034148,0.102949109137867,0.126765694087673,0.0341348359223422,0.0594500008347671,0.128412001803097,NA,NA,NA,NA,NA,NA,NA,10,76,0,0,0,0,0,40,2,0,0,0,0,0,0,7,2,0,0,0,0,5,1,0,0,13,1,0,0,0,0,0,0,0,0,0,0,0,0,0,3,0,0,0,0,2,0
"82","Achziv45","Achziv","R","09/12/2015",2015,45,"Fall",8,16778,"fish",35.073,33.088,"Achziv451Fall2015",0.0610650702052232,0.266633409106909,0.0253132983329344,0.141626302065279,0.329072878328147,0.0940208223794706,1.01915958685295,0.374426474101461,1.41880089,0.0101176796592211,0.0435483870967742,41.3651642061403,0.349812071207801,3,18,0,0,0,0,0,16,0,0,0,0,0,0,0,0,1,0,0,0,0,0,0,0,0,0,0,0,0,0,0,0,0,0,0,0,0,0,0,0,0,0,0,0,0,1,0
"83","Achziv45","Achziv","R","09/12/2015",2015,45,"Fall",8,16778,"fish",35.073,33.088,"Achziv452Fall2015",0.0194629081190025,0.267856193617246,0.024203872917221,0.199145789825236,0.274694748187509,0.0179800198813642,1.03015432140249,0.461794804175817,1.53239576,0.00896906125777937,0.0377272727272727,41.1433100376687,0.426832366938937,4,8,0,0,0,0,0,0,4,0,0,0,1,0,0,1,0,0,0,0,0,2,0,0,0,0,0,0,0,0,0,0,0,0,0,0,0,0,0,0,0,0,0,0,0,0,0
"84","Achziv45","Achziv","R","09/12/2015",2015,45,"Fall",8,16778,"fish",35.073,33.088,"Achziv453Fall2015",0.0146934610164006,0.190035429145448,0.109635824506989,0.202062987952122,0.285053143718172,0.162887510696098,1.05180871030324,0.646249616083315,1.8353812,0.0102999663708702,0.0283928571428571,40.2692486573743,0.607252198351515,4,15,0,0,0,0,0,0,9,0,0,0,0,0,0,0,1,0,0,0,0,0,0,0,0,0,0,0,0,0,0,0,0,0,0,0,3,0,0,0,2,0,0,0,0,0,0
"85","Achziv45","Achziv","R","09/12/2015",2015,45,"Fall",8,16778,"fish",35.073,33.088,"Achziv454Fall2015",0.0572271948758306,0.320252186708975,0.186813775580235,0.140532605138116,0.176223425490653,0.118950812206191,1.04651237503109,0.903995379244004,3.37448803,0.021157117547324,0.0457692307692308,39.7369727032847,1.21624361800286,5,147,0,0,0,0,0,20,3,0,0,20,0,0,0,0,0,0,0,0,0,0,0,0,0,0,0,0,0,0,0,0,101,0,0,0,3,0,0,0,0,0,0,0,0,0,0
"86","Achziv45","Achziv","R","10/11/2019",2019,45,"Fall",8,18210,"fish",35.073,33.088,"Achziv451Fall2019",0.179694342425884,0.313845640116137,0,0.0980610476248146,0.196744705075818,0.0664013379630887,NA,NA,NA,NA,NA,NA,NA,5,59,0,0,0,0,0,0,0,0,0,0,10,0,0,0,3,0,0,0,0,24,0,0,0,0,2,0,0,0,0,0,20,0,0,0,0,0,0,0,0,0,0,0,0,0,0
"87","Achziv45","Achziv","R","10/11/2019",2019,45,"Fall",8,18210,"fish",35.073,33.088,"Achziv452Fall2019",0.168006518059337,0.241826730631618,0,0.0351125930552237,0.176120308023027,0.118881207915543,NA,NA,NA,NA,NA,NA,NA,5,166,0,0,0,0,0,160,3,0,0,0,0,0,0,0,0,0,0,0,0,0,0,0,0,1,0,0,0,0,0,0,0,0,0,0,1,1,0,0,0,0,0,0,0,0,0
"88","Achziv45","Achziv","R","10/11/2019",2019,45,"Fall",8,18210,"fish",35.073,33.088,"Achziv453Fall2019",0.0512116071971404,0.38015780048749,0.0293936443675895,0.0870647187596954,0.181960655608887,0.174682229384532,NA,NA,NA,NA,NA,NA,NA,4,15,0,0,0,0,0,1,0,0,0,0,0,0,0,0,4,0,0,0,0,9,0,0,0,0,0,0,0,0,1,0,0,0,0,0,0,0,0,0,0,0,0,0,0,0,0
"89","Achziv45","Achziv","R","10/11/2019",2019,45,"Fall",8,18210,"fish",35.073,33.088,"Achziv454Fall2019",0.0699159266277243,0.396477085461218,0,0.145938434188756,0.0861186651795462,0.174390296988581,NA,NA,NA,NA,NA,NA,NA,4,31,0,0,0,0,0,26,2,0,0,0,0,0,0,0,0,0,0,0,0,0,0,0,0,0,0,0,0,0,0,0,0,0,0,0,2,0,0,0,0,0,0,0,0,1,0
"90","Achziv45","Achziv","R","15/11/2017",2017,45,"Fall",8,17485,"fish",35.073,33.088,"Achziv451Fall2017",0.0161604679694469,0.405959242811977,0,0.0992129995592625,0.223937913290907,0.156756539303635,1.03284171528842,0.356483351484034,1.63197631,0.0098953455028612,0.057,41.5123821746903,0.489791740505185,3,20,0,0,0,0,0,10,9,0,0,0,0,0,0,0,0,0,0,0,0,0,0,0,0,0,0,0,0,0,0,0,0,0,0,0,1,0,0,0,0,0,0,0,0,0,0
"91","Achziv45","Achziv","R","15/11/2017",2017,45,"Fall",8,17485,"fish",35.073,33.088,"Achziv452Fall2017",0.0137712446722567,0.470388053061595,0,0.0338179932457949,0.431134681088586,0.0508880279317675,1.01910710781789,0.481472544816215,1.43103874,0.0147195460705538,0.0577777777777778,43.89649942,0.358400572185511,2,155,0,0,0,0,0,140,0,0,0,0,0,0,0,0,0,0,0,0,0,0,0,0,0,15,0,0,0,0,0,0,0,0,0,0,0,0,0,0,0,0,0,0,0,0,0
"92","Achziv45","Achziv","R","15/11/2017",2017,45,"Fall",9,17485,"fish",35.073,33.088,"Achziv453Fall2017",0.0644901043367784,0.582369810050309,0,0.0974572949665824,0.168036486757857,0.0274968796512858,1.02683261077227,0.116665085291468,0.504811249999996,0.00214166985787892,0.0455,39.5665861163235,-0.683570681949589,4,64,0,0,0,0,0,55,7,0,0,0,0,0,0,0,1,0,0,0,0,0,0,0,0,0,0,0,0,0,0,0,0,0,0,0,1,0,0,0,0,0,0,0,0,0,0
"93","Achziv45","Achziv","R","15/11/2017",2017,45,"Fall",9,17485,"fish",35.073,33.088,"Achziv454Fall2017",0.0239873853884166,0.532971000476306,0,0,0.178509299200042,0.0221597750731087,1.0548923622638,0.826275388276263,3.26109055,0.0203465490869184,0.06,40.9729250394074,1.18206166397763,6,83,0,0,0,0,0,0,0,0,0,0,2,0,0,5,3,0,0,0,0,51,0,0,0,0,2,0,0,0,0,0,20,0,0,0,0,0,0,0,0,0,0,0,0,0,0
"94","Achziv45","Achziv","R","17/05/2018",2018,45,"Spring",6,17668,"fish",35.073,33.088,"Achziv451Spring2018",0.188444352599218,0.464231167038073,0.0669564183227991,0.0330544343618881,0.172705047261188,0.0746085804168332,NA,NA,NA,NA,NA,NA,NA,4,22,0,0,0,0,0,10,4,0,0,0,0,0,0,0,0,0,0,0,0,6,0,0,0,0,2,0,0,0,0,0,0,0,0,0,0,0,0,0,0,0,0,0,0,0,0
"95","Achziv45","Achziv","R","17/05/2018",2018,45,"Spring",6,17668,"fish",35.073,33.088,"Achziv452Spring2018",0.293130357164162,0.437440686844979,0,0,0.170957459385063,0.0984714966057962,NA,NA,NA,NA,NA,NA,NA,4,19,0,0,0,0,0,13,1,0,0,0,0,0,0,0,0,0,0,0,0,1,0,0,0,0,0,0,0,0,0,0,0,0,0,0,4,0,0,0,0,0,0,0,0,0,0
"96","Achziv45","Achziv","R","17/05/2018",2018,45,"Spring",6,17668,"fish",35.073,33.088,"Achziv453Spring2018",0.169919597670227,0.388810894771566,0,0,0.409874839036279,0.0313946685219277,NA,NA,NA,NA,NA,NA,NA,3,8,0,0,0,0,0,2,5,0,0,0,0,0,0,0,0,0,0,0,0,0,0,0,0,0,0,0,0,0,0,0,0,0,0,0,1,0,0,0,0,0,0,0,0,0,0
"97","Achziv45","Achziv","R","17/05/2018",2018,45,"Spring",6,17668,"fish",35.073,33.088,"Achziv454Spring2018",0.190360312272346,0.335726368916682,0,0.0106242521809077,0.16653093696264,0.191843639380961,NA,NA,NA,NA,NA,NA,NA,3,60,0,0,0,0,0,0,0,0,0,0,9,0,0,1,0,0,0,0,0,0,0,0,0,0,0,0,0,0,0,0,50,0,0,0,0,0,0,0,0,0,0,0,0,0,0
"98","Achziv45","Achziv","R","18/05/2021",2021,45,"Spring",5,18765,"fish",35.073,33.088,"Achziv451Spring2021",0.198374565512104,0.300734872454002,0.0704847357314068,0.0347962619433527,0.290889385558187,0.104720178800947,NA,NA,NA,NA,NA,NA,NA,6,75,0,0,0,0,0,5,0,0,0,0,2,0,0,3,0,0,0,0,0,4,0,0,0,0,1,0,0,0,0,0,60,0,0,0,0,0,0,0,0,0,0,0,0,0,0
"99","Achziv45","Achziv","R","18/05/2021",2021,45,"Spring",5,18765,"fish",35.073,33.088,"Achziv452Spring2021",0.0752795879635384,0.279148644597662,0.102127552901584,0,0.194933940260562,0.265531637544117,NA,NA,NA,NA,NA,NA,NA,4,18,0,0,0,0,0,15,1,0,0,0,0,0,0,0,0,0,0,0,0,1,0,0,0,0,1,0,0,0,0,0,0,0,0,0,0,0,0,0,0,0,0,0,0,0,0
"100","Achziv45","Achziv","R","18/05/2021",2021,45,"Spring",5,18765,"fish",35.073,33.088,"Achziv454Spring2021",0.0915987758034806,0.141489822921274,0.03597198887829,0.0355166472469192,0.115053266015483,0.200415366607616,NA,NA,NA,NA,NA,NA,NA,4,12,0,0,0,0,0,0,1,0,0,0,0,0,0,1,0,0,0,0,0,0,0,0,0,0,0,0,0,0,0,0,0,0,0,0,2,0,0,0,8,0,0,0,0,0,0
"101","Achziv45","Achziv","R","18/05/2021",2021,45,"Spring",6,18765,"fish",35.073,33.088,"Achziv453Spring2021",0.165056509255027,0.232035962286052,0.133866901318876,0.0881149223871085,0.154690641524035,0.139221577371631,NA,NA,NA,NA,NA,NA,NA,5,18,0,0,0,0,0,0,12,0,0,0,0,0,0,0,0,0,0,0,0,2,0,0,0,2,1,0,0,0,0,0,0,0,0,0,0,0,0,0,0,1,0,0,0,0,0
"102","Achziv45","Achziv","R","19/05/2022",2022,45,"Spring",6,19131,"fish",35.073,33.088,"Achziv453Spring2022",0.306070159309142,0.0199672504097431,0,0.0862509392699345,0.158371197446325,0.125151873103925,NA,NA,NA,NA,NA,NA,NA,3,69,0,0,0,0,0,56,0,0,0,0,0,0,0,0,0,0,0,0,0,0,0,0,0,0,0,0,0,0,0,0,0,0,0,0,0,0,0,0,12,0,0,0,0,1,0
"103","Achziv45","Achziv","R","19/05/2022",2022,45,"Spring",7,19131,"fish",35.073,33.088,"Achziv451Spring2022",0.215355997668211,0.0164808929181984,0.0618033484432439,0.0254254281570307,0.159413398762336,0.195122000085099,NA,NA,NA,NA,NA,NA,NA,2,13,0,0,0,0,0,10,0,0,0,0,0,0,0,0,3,0,0,0,0,0,0,0,0,0,0,0,0,0,0,0,0,0,0,0,0,0,0,0,0,0,0,0,0,0,0
"104","Achziv45","Achziv","R","19/05/2022",2022,45,"Spring",7,19131,"fish",35.073,33.088,"Achziv452Spring2022",0.181662851469725,0.047081249245375,0.0683437489045766,0.0149952529242109,0.115171873154009,0.110000891094033,NA,NA,NA,NA,NA,NA,NA,8,141,0,0,0,0,0,13,0,0,0,0,1,0,0,4,1,0,0,0,0,20,0,0,0,0,1,0,0,0,0,1,100,0,0,0,0,0,0,0,0,0,0,0,0,0,0
"105","Achziv45","Achziv","R","19/05/2022",2022,45,"Spring",7,19131,"fish",35.073,33.088,"Achziv454Spring2022",0.368831863964262,0.0289689804085291,0,0.0178764277837442,0.160651389368728,0.188298372655439,NA,NA,NA,NA,NA,NA,NA,5,17,0,0,0,0,0,7,5,0,0,0,0,0,0,2,0,0,0,0,0,2,0,0,0,0,1,0,0,0,0,0,0,0,0,0,0,0,0,0,0,0,0,0,0,0,0
"106","Achziv45","Achziv","R","20/05/2015",2015,45,"Spring",15,16575,"fish",35.073,33.088,"Achziv451Spring2015",0.25584457794776,0.153527572538127,0,0.0299179313573631,0.443940944400661,0.0675290450637625,1.01619739616523,0.69076115826358,2.18129781,0.0246911277827784,0.0469230769230769,43.6210472106522,0.779920025353031,1,2,0,0,0,0,0,0,2,0,0,0,0,0,0,0,0,0,0,0,0,0,0,0,0,0,0,0,0,0,0,0,0,0,0,0,0,0,0,0,0,0,0,0,0,0,0
"107","Achziv45","Achziv","R","20/05/2015",2015,45,"Spring",15,16575,"fish",35.073,33.088,"Achziv452Spring2015",0.30171593123895,0.122290939651267,0.0555867907505758,0.0182943868293034,0.349843849723862,0.0619395668363559,1.06384447362978,0.578568817513591,1.90397237,0.0116854538258206,0.0761290322580645,42.9479824151515,0.643942424709257,2,4,0,0,0,0,0,0,2,0,0,0,0,0,0,0,0,0,0,0,0,0,0,0,0,0,0,0,0,0,0,0,0,0,0,0,2,0,0,0,0,0,0,0,0,0,0
"108","Achziv45","Achziv","R","20/05/2015",2015,45,"Spring",15,16575,"fish",35.073,33.088,"Achziv453Spring2015",0.0923616195471875,0.22420664732747,0.165398346389117,0.00907248313526804,0.443687627615251,0.0204778905053193,1.03092390851387,0.331207072185001,1.44377005,0.00455376716192078,0.0457692307692308,42.9795773794068,0.367257782637423,2,11,0,0,0,0,0,10,0,0,0,0,0,0,0,0,0,0,0,0,0,0,0,0,0,0,0,0,0,0,0,0,0,0,0,0,1,0,0,0,0,0,0,0,0,0,0
"109","Achziv45","Achziv","R","20/05/2015",2015,45,"Spring",15,16575,"fish",35.073,33.088,"Achziv454Spring2015",0.065266678670354,0.239223075936142,0.281941482353311,0.00843553341908639,0.386093025618026,0.0190402040030807,1.01806203650146,0.733590181518814,2.11862817,0.0336543150358819,0.0670833333333333,42.575340123662,0.750768789608429,2,3,0,0,0,0,0,2,0,0,0,0,0,0,0,0,0,0,0,0,0,0,0,0,0,0,0,0,0,0,0,0,0,0,0,0,1,0,0,0,0,0,0,0,0,0,0
"110","Achziv45","Achziv","R","21/11/2018",2018,45,"Fall",8,17856,"fish",35.073,33.088,"Achziv451Fall2018",0.0301899543449129,0.705825650556193,0,0,0.147195994332472,0.0557795346944104,1.03552886315559,0.577284608824365,2.31423637,0.0101744641816061,0.0297222222222222,42.6760447597647,0.839079771350776,4,21,0,0,0,0,0,13,1,0,0,0,0,0,0,0,0,0,0,0,0,0,0,0,0,3,0,0,0,0,0,0,0,0,0,0,4,0,0,0,0,0,0,0,0,0,0
"111","Achziv45","Achziv","R","21/11/2018",2018,45,"Fall",8,17856,"fish",35.073,33.088,"Achziv452Fall2018",0.00817362414402744,0.662734212006245,0,0,0.0629239319024335,0.0679578464546282,1.07281161297118,0.185973667099749,0.800888230000005,0.00165228275497262,0.0469491525423729,43.0374140521164,-0.222033879727518,4,50,0,0,0,0,0,40,0,0,0,0,0,0,0,0,4,0,0,0,0,5,0,0,0,0,1,0,0,0,0,0,0,0,0,0,0,0,0,0,0,0,0,0,0,0,0
"112","Achziv45","Achziv","R","21/11/2018",2018,45,"Fall",8,17856,"fish",35.073,33.088,"Achziv453Fall2018",0.0456342548509999,0.726403728500019,0,0,0.171752204324575,0.0562098123244062,1.02759469657851,0.615109178787178,1.89262274,0.0182692772409173,0.0535294117647059,40.6821316583495,0.637963560236975,7,149,0,0,0,0,0,52,0,0,0,0,7,6,0,1,3,0,0,0,0,30,0,0,0,0,0,0,0,0,0,0,50,0,0,0,0,0,0,0,0,0,0,0,0,0,0
"113","Achziv45","Achziv","R","21/11/2018",2018,45,"Fall",8,17856,"fish",35.073,33.088,"Achziv454Fall2018",0.0336480605450679,0.68385677336357,0,0.0708252124312098,0.185026183269364,0.0266437703907884,1.0276178508061,0.10008456527024,0.44164816,0.000889079124324402,0.0342857142857143,39.7763035751007,-0.817241731994626,5,15,0,0,0,0,0,5,3,0,0,0,0,0,0,0,0,0,0,0,0,0,0,0,0,2,1,0,0,0,0,0,0,0,0,0,4,0,0,0,0,0,0,0,0,0,0
"114","Achziv45","Achziv","R","25/05/2016",2016,45,"Spring",8,16946,"fish",35.073,33.088,"Achziv451Spring2016",0.0632713495235047,0.336950951580076,0,0.0182794367945792,0.30944475145109,0.226926151064133,1.02803480981382,0.172059304458096,0.845497160000001,0.0014637118182084,0.054375,39.659762385678,-0.167830469608338,6,148,0,0,0,0,0,139,4,0,0,0,2,0,0,1,0,0,0,0,0,0,0,0,0,0,0,0,0,0,0,0,0,0,0,0,1,1,0,0,0,0,0,0,0,0,0
"115","Achziv45","Achziv","R","25/05/2016",2016,45,"Spring",8,16946,"fish",35.073,33.088,"Achziv452Spring2016",0.0611517985344966,0.275561256865252,0,0.0706683479713617,0.393232900566833,0.199385696062056,1.01848309769964,0.0774472727182216,0.359634839999998,0.00121267986757721,0.0250909090909091,40.0396906696,-1.02266609564951,3,58,0,0,0,0,0,51,4,0,0,0,0,0,0,0,0,0,0,0,0,0,0,0,0,0,0,0,0,0,0,0,0,0,0,0,3,0,0,0,0,0,0,0,0,0,0
"116","Achziv45","Achziv","R","25/05/2016",2016,45,"Spring",8,16946,"fish",35.073,33.088,"Achziv453Spring2016",0.224507548022319,0.281120768796824,0.028882270766797,0.0855500172079809,0.286072015213989,0,1.01700095711446,0.425412294322355,1.59546015,0.0101396675527259,0.0409677419354839,42.7380368842064,0.467162189927848,4,5,0,0,0,0,0,1,1,0,0,0,0,0,0,0,0,0,0,0,0,0,0,0,0,0,0,0,0,0,0,0,0,0,0,0,2,0,0,0,0,0,0,0,0,1,0
"117","Achziv45","Achziv","R","25/05/2016",2016,45,"Spring",8,16946,"fish",35.073,33.088,"Achziv454Spring2016",0.072885331616043,0.524642468483263,0,0.0631709054363917,0.244244122474303,0.095057171989999,1.07125516811463,0.357540800062856,1.51403898,0.00240253224735521,0.0485714285714286,40.8058361677301,0.414780901051066,5,12,0,0,0,0,0,0,1,0,0,0,0,0,0,5,4,0,0,0,0,0,0,0,0,0,0,0,0,0,0,0,0,0,0,0,0,1,0,0,0,0,0,0,0,1,0
"118","Achziv45","Achziv","R","31/10/2022",2022,45,"Fall",7,19296,"fish",35.073,33.088,"Achziv454Fall2022",0.129016118119631,0.203693006110391,0,0.0344374338404078,0.168415450257613,0.12436833249793,NA,NA,NA,NA,NA,NA,NA,5,16,0,0,0,0,0,0,0,0,0,0,0,0,0,5,3,0,0,0,0,3,0,0,0,0,4,0,0,0,0,0,0,0,0,0,0,0,0,0,0,0,0,0,1,0,0
"119","Achziv45","Achziv","R","31/10/2022",2022,45,"Fall",8,19296,"fish",35.073,33.088,"Achziv451Fall2022",0.203005132514388,0.16648390423945,0,0.0336837116898659,0.15205789848568,0.0456173695457042,NA,NA,NA,NA,NA,NA,NA,7,22,0,0,0,0,0,0,1,0,0,0,0,0,0,0,0,0,0,1,0,2,0,0,0,6,3,0,0,0,0,0,0,0,0,0,0,0,0,0,8,0,0,0,0,1,0
"120","Achziv45","Achziv","R","31/10/2022",2022,45,"Fall",8,19296,"fish",35.073,33.088,"Achziv452Fall2022",0.253146888336049,0.223471380949309,0,0.0612896192477008,0.186648432312159,0.05928832555798,NA,NA,NA,NA,NA,NA,NA,9,75,0,0,0,0,0,2,0,0,0,0,2,0,0,3,3,0,0,0,0,11,0,0,0,0,2,0,0,0,0,1,50,0,0,0,0,0,0,0,0,0,0,0,0,0,0
"121","Achziv45","Achziv","R","31/10/2022",2022,45,"Fall",8,19296,"fish",35.073,33.088,"Achziv453Fall2022",0.318190588440676,0.150162527536303,0,0.0601061092088521,0.376855764087248,0.0452226916904697,NA,NA,NA,NA,NA,NA,NA,3,21,0,0,0,0,0,0,3,0,0,0,0,0,0,0,0,0,0,0,0,0,0,0,0,2,0,0,0,0,0,0,0,0,0,0,0,0,0,0,16,0,0,0,0,0,0
"122","SdotYam25","SdotYam","N","02/05/2019",2019,25,"Spring",8,18018,"fish",34.87,32.511,"SdotYam251Spring2019",0.22149670214441,0,0,0.48874744696257,0.172988567697325,0,NA,NA,NA,NA,NA,NA,NA,3,10,0,0,0,0,0,0,5,0,0,0,0,0,0,0,0,0,0,0,1,0,0,0,0,0,0,0,0,0,0,0,0,0,0,0,0,0,0,0,0,0,0,0,0,0,4
"123","SdotYam25","SdotYam","N","02/05/2019",2019,25,"Spring",8,18018,"fish",34.87,32.511,"SdotYam252Spring2019",0.177786413426274,0,0,0.565419085322906,0.134623591743549,0.0161548310092259,NA,NA,NA,NA,NA,NA,NA,5,54,0,0,0,0,0,48,3,0,0,0,0,0,0,0,0,0,0,0,0,0,0,0,0,0,0,0,0,0,0,0,0,0,0,0,1,0,0,0,0,0,0,0,0,1,1
"124","SdotYam25","SdotYam","N","02/05/2019",2019,25,"Spring",8,18018,"fish",34.87,32.511,"SdotYam253Spring2019",0.194436164916626,0,0,0.341054394157554,0.104973884954987,0.08397910796399,NA,NA,NA,NA,NA,NA,NA,7,85,0,0,0,0,0,50,2,0,0,0,0,0,0,0,0,0,0,0,0,0,0,0,0,6,0,0,0,21,0,0,0,0,0,0,2,0,0,0,0,0,0,0,0,1,3
"125","SdotYam25","SdotYam","N","02/05/2019",2019,25,"Spring",8,18018,"fish",34.87,32.511,"SdotYam254Spring2019",0.34598409665365,0,0,0.339852732915484,0.0852329076200738,0.0191774042145166,NA,NA,NA,NA,NA,NA,NA,7,20,0,0,0,0,0,4,4,0,0,0,0,0,0,0,0,0,0,0,0,0,0,0,0,0,0,0,0,0,0,0,0,0,0,0,5,0,0,2,0,1,0,0,0,1,3
"126","SdotYam25","SdotYam","N","04/05/2020",2020,25,"Spring",10,18386,"fish",34.87,32.511,"SdotYam252Spring2020",0.194345694530552,0.238463828263299,0,0.0318169322691367,0.124679446887986,0.01795384035187,NA,NA,NA,NA,NA,NA,NA,6,52,0,0,0,0,0,27,2,0,0,0,0,0,0,0,1,0,0,0,0,5,0,0,0,0,0,0,0,0,0,0,0,0,1,0,0,0,0,0,0,0,0,0,0,16,0
"127","SdotYam25","SdotYam","N","04/05/2020",2020,25,"Spring",10,18386,"fish",34.87,32.511,"SdotYam253Spring2020",0.234647277130586,0.32682154086496,0,0.134451899722926,0.114406066600971,0,NA,NA,NA,NA,NA,NA,NA,3,36,0,0,0,0,0,30,0,0,0,0,0,0,0,0,0,0,0,0,0,2,0,0,0,0,0,0,0,0,0,0,0,0,0,0,0,0,0,0,0,0,0,0,0,4,0
"128","SdotYam25","SdotYam","N","04/05/2020",2020,25,"Spring",10,18386,"fish",34.87,32.511,"SdotYam254Spring2020",0.217016194689353,0.269879113908554,0,0.0749426969793533,0.0939757628788716,0.056385457727323,NA,NA,NA,NA,NA,NA,NA,4,52,0,0,0,2,0,0,0,0,0,0,0,0,0,13,1,0,0,0,0,36,0,0,0,0,0,0,0,0,0,0,0,0,0,0,0,0,0,0,0,0,0,0,0,0,0
"129","SdotYam25","SdotYam","N","04/05/2020",2020,25,"Spring",11,18386,"fish",34.87,32.511,"SdotYam251Spring2020",0.167657060828686,0.203492682856069,0,0.0329371846083697,0.0929299137164718,0.0557579482298831,NA,NA,NA,NA,NA,NA,NA,3,50,0,0,0,0,0,35,4,0,0,0,0,0,0,0,0,0,0,0,0,0,0,0,0,0,0,0,0,0,0,0,0,0,0,0,0,0,0,0,0,0,0,0,0,11,0
"130","SdotYam25","SdotYam","N","04/11/2019",2019,25,"Fall",10,18204,"fish",34.87,32.511,"SdotYam252Fall2019",0.547088520444639,0.161813846518206,0,0.0968276181696977,0.166950794026721,0.0273192208407361,NA,NA,NA,NA,NA,NA,NA,5,20,0,0,0,0,0,6,0,0,0,0,0,0,0,0,0,0,0,0,0,0,0,0,0,1,0,0,0,0,0,0,0,0,0,0,2,0,0,10,0,0,1,0,0,0,0
"131","SdotYam25","SdotYam","N","04/11/2019",2019,25,"Fall",10,18204,"fish",34.87,32.511,"SdotYam253Fall2019",0.567963167196618,0.152716360964856,0,0.0502610808238768,0.11029514958573,0.0567232197869466,NA,NA,NA,NA,NA,NA,NA,7,80,0,0,0,0,0,27,4,0,0,0,0,0,0,0,1,0,0,0,0,0,0,0,0,2,0,0,0,0,0,0,0,0,0,0,2,0,0,40,0,0,0,0,0,0,4
"132","SdotYam25","SdotYam","N","04/11/2019",2019,25,"Fall",10,18204,"fish",34.87,32.511,"SdotYam254Fall2019",0.418805833593521,0.115738364269435,0.20254213747151,0.0761822144558303,0.0537356691250946,0.0859770706001514,NA,NA,NA,NA,NA,NA,NA,5,73,0,0,0,0,0,41,8,0,0,0,0,0,0,0,0,0,0,0,0,0,0,0,0,2,0,0,0,0,0,0,0,0,0,0,2,0,0,20,0,0,0,0,0,0,0
"133","SdotYam25","SdotYam","N","04/11/2019",2019,25,"Fall",12,18204,"fish",34.87,32.511,"SdotYam251Fall2019",0.251378510135321,0.1208297050734,0,0.0208081770585631,0.130463967271943,0.0313113521452664,NA,NA,NA,NA,NA,NA,NA,7,50,0,0,0,0,0,10,4,0,0,0,0,0,0,0,0,0,0,0,0,2,0,0,0,0,0,0,0,0,1,0,0,0,0,0,2,0,0,30,0,0,0,0,0,0,1
"134","SdotYam25","SdotYam","N","05/05/2017",2017,25,"Spring",9,17291,"fish",34.87,32.511,"SdotYam251Spring2017",0.863137950495848,0,0.0351930984439249,0,0.101668951060227,0,1.0340981219403,0.426624921710297,1.3972,0.00858978171150119,0.0365909090909091,25.092949704142,0.334470233950541,3,10,0,0,0,0,0,0,3,0,0,0,0,0,0,0,0,0,0,0,0,0,0,0,0,0,0,0,0,0,0,0,0,0,0,0,1,0,0,0,6,0,0,0,0,0,0
"135","SdotYam25","SdotYam","N","05/05/2017",2017,25,"Spring",9,17291,"fish",34.87,32.511,"SdotYam252Spring2017",0.778164462563389,0,0.0337575817838322,0,0.188077955652779,0,1.02864581794343,0.465147996099342,1.4996,0.0117005779373807,0.0535714285714286,26.084422556391,0.405198405879621,4,15,0,0,0,0,0,2,7,0,0,0,0,0,0,0,0,0,0,0,0,0,0,0,0,0,0,0,0,0,0,0,0,0,0,0,2,0,0,0,0,0,0,0,0,4,0
"136","SdotYam25","SdotYam","N","05/05/2017",2017,25,"Spring",9,17291,"fish",34.87,32.511,"SdotYam253Spring2017",0.8611132769583,0,0.0360967968301448,0,0.0223456361329468,0.0804442900786084,1.02579556141153,0.307109208879581,1.1411,0.00777729181926389,0.0424324324324324,23.9734609375,0.131992709458498,4,22,0,0,0,0,0,0,9,0,0,0,0,0,0,1,0,0,0,0,0,0,0,0,0,0,0,0,0,0,0,0,0,0,0,0,1,0,0,0,11,0,0,0,0,0,0
"137","SdotYam25","SdotYam","N","05/05/2017",2017,25,"Spring",9,17291,"fish",34.87,32.511,"SdotYam254Spring2017",0.702879488718619,0,0.0299689276508598,0,0.222626319692101,0.0445252639384202,1.01727731815655,0.763535140512891,2.4029,0.022994590458447,0.0516129032258065,26.7255283185841,0.876676341240062,5,15,0,0,0,0,0,3,2,0,0,0,0,0,0,0,0,0,0,0,0,0,0,0,0,0,0,0,0,0,0,0,0,0,0,0,1,0,0,0,7,0,0,0,0,0,2
"138","SdotYam25","SdotYam","N","08/11/2017",2017,25,"Fall",8,17478,"fish",34.87,32.511,"SdotYam253Fall2017",0.649052501784671,0,0,0,0.322619897462522,0.0283276007528068,NA,NA,NA,NA,NA,NA,NA,4,26,0,0,0,0,0,0,8,0,0,0,0,0,0,0,0,0,0,0,0,0,0,0,0,1,0,0,0,0,0,0,0,0,0,0,6,0,0,11,0,0,0,0,0,0,0
"139","SdotYam25","SdotYam","N","08/11/2017",2017,25,"Fall",8,17478,"fish",34.87,32.511,"SdotYam254Fall2017",0.591118517792373,0,0,0,0.359978713571499,0.0489027686361281,NA,NA,NA,NA,NA,NA,NA,5,53,0,0,0,0,0,0,0,0,0,0,0,0,0,0,0,0,0,0,0,0,0,0,0,7,0,0,0,0,0,0,0,0,0,0,0,0,0,40,1,0,0,0,0,4,1
"140","SdotYam25","SdotYam","N","08/11/2017",2017,25,"Fall",10,17478,"fish",34.87,32.511,"SdotYam251Fall2017",0.652395179365337,0,0,0.0108985330919552,0.184496595913813,0.0983981844873667,NA,NA,NA,NA,NA,NA,NA,6,50,0,0,0,0,0,4,2,0,0,0,0,0,0,0,0,0,0,0,0,0,0,0,0,1,0,0,0,0,0,0,0,0,0,0,2,0,0,40,0,0,0,0,0,0,1
"141","SdotYam25","SdotYam","N","08/11/2017",2017,25,"Fall",10,17478,"fish",34.87,32.511,"SdotYam252Fall2017",0.76218632823767,0,0,0,0.209835592731468,0.0279780790308624,NA,NA,NA,NA,NA,NA,NA,7,79,0,0,20,0,0,3,3,0,0,0,0,0,0,0,0,0,0,0,0,0,0,0,0,3,0,0,0,0,0,0,0,0,0,0,2,0,0,47,0,0,1,0,0,0,0
"142","SdotYam25","SdotYam","N","11/04/2018",2018,25,"Spring",9,17632,"fish",34.87,32.511,"SdotYam251Spring2018",0.49897252669971,0,0,0.189204586166662,0.169468960398711,0.142353926734917,1.01017098005504,0.143038858712951,0.686700000000002,0.00296276175811879,0.0520588235294118,24.2385021052632,-0.375857763355504,6,56,0,0,0,0,0,38,3,0,0,0,0,0,0,0,0,0,0,0,0,1,0,0,0,0,0,0,0,0,0,0,0,0,0,0,4,0,0,0,0,0,0,0,0,4,6
"143","SdotYam25","SdotYam","N","11/04/2018",2018,25,"Spring",9,17632,"fish",34.87,32.511,"SdotYam252Spring2018",0.561262896418773,0,0,0.155446371807236,0.142944864656601,0.14034586711739,1.0650504399362,0.258960986217847,1.7387,0.00479304294810993,0.0786111111111111,26.611805785124,0.553137707551608,8,75,0,0,0,0,0,51,10,0,0,0,0,0,0,2,1,0,0,0,1,0,0,0,0,0,0,0,0,0,0,0,0,0,0,0,3,0,0,0,0,0,0,0,0,5,2
"144","SdotYam25","SdotYam","N","11/04/2018",2018,25,"Spring",9,17632,"fish",34.87,32.511,"SdotYam253Spring2018",0.34055779388886,0,0,0.32028758854293,0.278910047342278,0.0602445702259321,1.04196958738062,0.152649494614756,1.0976,0.00301459441128589,0.0906896551724138,24.4738854166667,0.0931259779894836,5,45,0,0,0,0,0,32,5,0,0,0,0,0,0,0,0,0,0,0,1,0,0,0,0,0,0,0,0,0,0,0,0,0,0,0,3,0,0,0,0,0,0,0,0,4,0
"145","SdotYam25","SdotYam","N","11/04/2018",2018,25,"Spring",9,17632,"fish",34.87,32.511,"SdotYam254Spring2018",0.525155911457761,0,0.0329283279970283,0.346789479664906,0.0951262808803041,0,1.02307758029468,0.716539094071307,2.2008,0.021420306573957,0.053,26.0405508928571,0.788820930628228,5,12,0,0,0,0,0,4,2,0,0,0,0,0,0,0,0,0,0,0,0,0,0,0,0,0,0,0,0,0,0,0,0,0,0,0,2,0,0,0,0,0,0,0,0,3,1
"146","SdotYam25","SdotYam","N","13/10/2020",2020,25,"Fall",10,18548,"fish",34.87,32.511,"SdotYam251Fall2020",0.366547542444997,0.0497274288351954,0.174046000923184,0,0.148787624371974,0.0184701878530726,NA,NA,NA,NA,NA,NA,NA,6,36,0,0,0,0,0,0,19,0,0,0,0,0,0,1,0,0,0,0,0,0,0,0,0,1,0,0,0,0,0,0,0,0,0,0,0,0,0,5,0,0,0,0,0,5,5
"147","SdotYam25","SdotYam","N","13/10/2020",2020,25,"Fall",10,18548,"fish",34.87,32.511,"SdotYam252Fall2020",0.267253784170638,0.054209206707054,0.019360430966805,0,0.155805373018573,0,NA,NA,NA,NA,NA,NA,NA,5,57,0,0,0,0,0,0,0,0,0,0,0,0,0,10,1,0,0,0,0,42,0,0,0,3,0,0,0,0,0,0,0,0,0,0,0,0,0,0,0,0,0,0,0,1,0
"148","SdotYam25","SdotYam","N","13/10/2020",2020,25,"Fall",10,18548,"fish",34.87,32.511,"SdotYam253Fall2020",0.175530858250027,0.0677671373144383,0.0390964253737144,0,0.278329313970015,0.05808611769809,NA,NA,NA,NA,NA,NA,NA,5,13,0,0,0,0,0,0,2,0,0,0,0,0,0,2,0,0,0,0,0,3,0,0,0,0,0,0,0,0,0,0,0,0,0,0,1,0,0,0,0,0,0,0,0,0,5
"149","SdotYam25","SdotYam","N","13/10/2020",2020,25,"Fall",10,18548,"fish",34.87,32.511,"SdotYam254Fall2020",0.16469222972969,0.175278885880472,0,0,0.271264942434063,0.0636882908323453,NA,NA,NA,NA,NA,NA,NA,6,24,0,0,0,0,0,10,3,0,0,0,0,0,0,5,0,0,0,0,0,0,0,0,0,3,0,0,0,0,0,0,0,0,0,0,2,0,0,0,0,0,0,0,0,1,0
"150","SdotYam25","SdotYam","N","16/05/2016",2016,25,"Spring",6,16937,"fish",34.87,32.511,"SdotYam251Spring2016",0.651844237697615,0,0,0,0.249268374328603,0.0472297972412091,1.01789030818945,0.253895945852262,0.929600000000001,0.0057434415327261,0.0342857142857143,24.2237876923077,-0.0730008928844896,4,25,0,0,0,0,0,10,11,0,0,0,0,0,0,0,0,0,0,0,0,0,0,0,0,0,0,0,3,0,0,0,0,0,0,0,0,0,0,0,0,0,0,0,0,1,0
"151","SdotYam25","SdotYam","N","16/05/2016",2016,25,"Spring",6,16937,"fish",34.87,32.511,"SdotYam252Spring2016",0.860300000531862,0,0,0.0116078870568355,0.101891453054445,0.0262006593568573,1.0300309528363,0.340475864193477,1.1796,0.00467335352103049,0.0656,24.4267758928571,0.165175397958985,5,40,0,0,0,0,0,21,10,0,0,0,0,0,0,0,0,0,0,0,0,0,0,0,0,0,0,0,6,0,0,0,0,0,0,0,2,0,0,1,0,0,0,0,0,0,0
"152","SdotYam25","SdotYam","N","16/05/2016",2016,25,"Spring",6,16937,"fish",34.87,32.511,"SdotYam253Spring2016",0.401418363521155,0,0,0.0861345044497894,0.426039184707997,0.0864079473210586,1.02394697090619,0.408946862009633,1.3585,0.010557608051455,0.0565116279069767,26.4402646153846,0.306381149884265,3,66,0,0,0,0,0,53,11,0,0,0,0,0,0,0,0,0,0,0,0,0,0,0,0,0,0,0,0,0,0,0,0,0,0,0,2,0,0,0,0,0,0,0,0,0,0
"153","SdotYam25","SdotYam","N","16/05/2016",2016,25,"Spring",6,16937,"fish",34.87,32.511,"SdotYam254Spring2016",0.868474576271187,0,0,0,0.131525423728814,0,1.01857273533061,0.47517799133032,1.6659,0.014293502983503,0.0606896551724138,27.435672972973,0.510365517933532,4,10,0,0,0,0,0,4,4,0,0,0,0,0,0,0,0,0,0,0,1,0,0,0,0,0,0,0,0,0,0,0,0,0,0,0,1,0,0,0,0,0,0,0,0,0,0
"154","SdotYam25","SdotYam","N","16/10/2018",2018,25,"Fall",15,17820,"fish",34.87,32.511,"SdotYam251Fall2018",0.603580003239729,0,0.03602908327031,0,0.275079191317763,0.0267644618579445,1.04791763307341,0.130104387942547,1.2245,0.00233464754496837,0.0502857142857143,24.0735316666667,0.202532597410085,4,129,0,0,0,0,0,65,1,0,0,0,0,0,0,0,0,0,0,0,0,0,0,0,0,0,0,0,0,0,0,0,0,0,0,0,0,0,0,62,0,0,0,0,0,1,0
"155","SdotYam25","SdotYam","N","16/10/2018",2018,25,"Fall",15,17820,"fish",34.87,32.511,"SdotYam252Fall2018",0.70323204544375,0,0.0372141344288291,0,0.176619463400316,0.0829343567271049,1.02153382965847,0.25735469555013,0.9741,0.00461757375883378,0.0382222222222222,26.3735973333333,-0.0262413112052271,5,100,0,0,0,0,0,75,0,0,0,0,0,0,0,0,0,0,0,0,0,4,0,0,0,18,0,0,0,0,0,0,0,0,0,0,0,0,0,0,0,2,0,0,0,1,0
"156","SdotYam25","SdotYam","N","16/10/2018",2018,25,"Fall",15,17820,"fish",34.87,32.511,"SdotYam253Fall2018",0.464124841729624,0,0.0989452959291726,0,0.38792838245247,0.0490014798887331,1.02067864422565,0.791672259242335,2.5254,0.0176604140815616,0.0305555555555556,24.7827814569536,0.926399466022442,7,187,0,0,0,0,0,30,1,0,0,0,0,0,0,0,0,0,0,0,0,0,0,0,0,3,0,0,0,0,0,0,0,0,0,0,3,0,0,147,0,0,0,0,0,1,2
"157","SdotYam25","SdotYam","N","16/10/2018",2018,25,"Fall",15,17820,"fish",34.87,32.511,"SdotYam254Fall2018",0.591654852875073,0,0.0377320977836174,0,0.342583490987765,0.0280295583535444,1.02573293272307,0.503130519391682,1.6153,0.0111778051411953,0.0334090909090909,24.8550078431373,0.479520697937576,4,62,0,0,0,0,0,41,3,0,0,0,0,0,0,0,0,0,0,0,0,0,0,0,0,0,0,0,0,0,0,0,0,0,0,0,2,0,0,16,0,0,0,0,0,0,0
"158","SdotYam25","SdotYam","N","16/11/2015",2015,25,"Fall",12,16755,"fish",34.87,32.511,"SdotYam251Fall2015",0.35670693814594,0,0.0324583236399213,0,0.56261094309197,0.0482237951221689,NA,NA,NA,NA,NA,NA,NA,5,124,0,0,0,0,0,120,1,0,0,0,0,0,0,0,0,0,0,0,0,0,0,0,1,0,0,0,0,0,0,0,0,0,0,0,1,0,0,0,0,0,0,0,0,1,0
"159","SdotYam25","SdotYam","N","16/11/2015",2015,25,"Fall",12,16755,"fish",34.87,32.511,"SdotYam252Fall2015",0.345565246009544,0,0,0,0.488244005846538,0.067603016194136,NA,NA,NA,NA,NA,NA,NA,4,83,0,0,0,0,0,75,6,0,0,0,0,0,0,0,0,0,0,0,0,0,0,0,0,0,0,0,0,0,1,0,0,0,0,0,1,0,0,0,0,0,0,0,0,0,0
"160","SdotYam25","SdotYam","N","16/11/2015",2015,25,"Fall",12,16755,"fish",34.87,32.511,"SdotYam253Fall2015",0.416376688301536,0,0,0.0106509859612998,0.500849935084933,0.0721223906522304,NA,NA,NA,NA,NA,NA,NA,5,36,0,0,0,0,0,21,2,0,0,0,0,0,0,0,0,0,0,0,0,0,0,0,0,0,0,0,0,10,1,0,0,0,0,0,2,0,0,0,0,0,0,0,0,0,0
"161","SdotYam25","SdotYam","N","16/11/2015",2015,25,"Fall",12,16755,"fish",34.87,32.511,"SdotYam254Fall2015",0.294740232847085,0,0,0,0.624913717730431,0.080346049422484,NA,NA,NA,NA,NA,NA,NA,7,16,0,0,0,0,0,2,6,0,0,0,0,2,0,0,0,0,0,0,0,0,0,0,1,0,0,0,0,0,0,0,0,0,0,0,1,0,0,0,0,3,0,0,0,1,0
"162","SdotYam25","SdotYam","N","18/04/2021",2021,25,"Spring",7,18735,"fish",34.87,32.511,"SdotYam251Spring2021",0.279188467673234,0.113295509081432,0,0.0721686378795567,0.186650435468258,0.0814474627497855,NA,NA,NA,NA,NA,NA,NA,4,24,0,0,0,0,0,0,10,0,0,0,0,0,0,0,0,0,0,0,0,0,0,0,0,0,0,0,0,0,0,0,0,0,0,0,2,0,0,0,0,0,0,0,0,2,10
"163","SdotYam25","SdotYam","N","18/04/2021",2021,25,"Spring",7,18735,"fish",34.87,32.511,"SdotYam252Spring2021",0.460165988021683,0.0352158586493911,0,0.104310264860222,0.10355139388571,0.0392405282093215,NA,NA,NA,NA,NA,NA,NA,2,8,0,0,0,0,0,6,0,0,0,0,0,0,0,0,0,0,0,0,0,0,0,0,0,0,0,0,0,0,0,0,0,0,0,0,0,0,0,0,0,0,0,0,0,0,2
"164","SdotYam25","SdotYam","N","18/04/2021",2021,25,"Spring",7,18735,"fish",34.87,32.511,"SdotYam253Spring2021",0.0755521068584209,0.158382676758514,0,0.139149766429117,0.17448938964921,0.0598249335940149,NA,NA,NA,NA,NA,NA,NA,2,10,0,0,0,0,0,0,8,0,0,0,0,0,0,0,0,0,0,0,0,0,0,0,0,0,0,0,0,0,0,0,0,0,0,0,0,0,0,0,0,0,0,0,0,0,2
"165","SdotYam25","SdotYam","N","18/04/2021",2021,25,"Spring",7,18735,"fish",34.87,32.511,"SdotYam254Spring2021",0.0509089240630367,0.165156041274734,0,0.0760972139544346,0.146543217575518,0.0245374689893891,NA,NA,NA,NA,NA,NA,NA,2,4,0,0,0,0,0,0,2,0,0,0,0,0,0,0,0,0,0,0,0,0,0,0,0,0,0,0,0,0,0,0,0,0,0,0,2,0,0,0,0,0,0,0,0,0,0
"166","SdotYam25","SdotYam","N","25/10/2016",2016,25,"Fall",10,17099,"fish",34.87,32.511,"SdotYam251Fall2016",0.505867545069409,0,0,0.0718661079824519,0.399093193761961,0.0231731531861784,1.07090385255933,0.251051527343832,1.2707,0.000116175929333853,0.0336363636363636,23.3770622009569,0.23956792972835,4,17,0,0,0,0,0,14,1,0,0,0,0,0,0,0,0,0,0,0,0,0,0,0,0,0,0,0,0,0,0,0,0,0,0,0,1,0,0,0,0,0,0,0,0,0,1
"167","SdotYam25","SdotYam","N","25/10/2016",2016,25,"Fall",10,17099,"fish",34.87,32.511,"SdotYam252Fall2016",0.493488811121369,0,0,0.0103577658073727,0.402637594638979,0.093515828432279,1.05623314781983,0.22342063554206,1.36,0.00433499892974876,0.0545238095238095,26.1258106382979,0.30748469974796,4,190,0,0,0,0,0,180,0,0,0,0,0,0,0,0,0,0,0,0,0,3,0,0,0,0,0,0,0,0,0,0,0,0,0,0,0,0,2,5,0,0,0,0,0,0,0
"168","SdotYam25","SdotYam","N","25/10/2016",2016,25,"Fall",10,17099,"fish",34.87,32.511,"SdotYam253Fall2016",0.522400022900982,0,0,0.0388744167406177,0.3290441702688,0.1096813900896,1.02408282734343,0.313832475070639,1.2322,0.00466921800125006,0.0362162162162162,23.5132166666667,0.208801189598332,5,50,0,0,0,0,0,1,8,0,0,0,0,0,0,0,0,0,0,0,0,0,0,0,0,3,0,0,0,0,0,0,0,0,0,0,4,0,0,34,0,0,0,0,0,0,0
"169","SdotYam25","SdotYam","N","25/10/2016",2016,25,"Fall",10,17099,"fish",34.87,32.511,"SdotYam254Fall2016",0.546139569000967,0,0.0308715257535512,0,0.331256371577787,0.0917325336676949,1.0101426424023,0.289605795621344,0.994600000000002,0.00769529708777641,0.0374074074074074,24.313356557377,-0.00541463270149694,4,117,0,0,0,0,0,90,10,0,0,0,0,0,0,0,0,0,0,0,0,0,0,0,0,0,0,0,0,0,0,0,0,0,0,0,1,0,0,16,0,0,0,0,0,0,0
"170","SdotYam25","SdotYam","N","27/10/2022",2022,25,"Fall",5,19292,"fish",34.87,32.511,"SdotYam254Fall2022",0.409505118813985,0.212190152376905,0,0,0.236440455505694,0.141864273303416,NA,NA,NA,NA,NA,NA,NA,3,4,0,0,0,0,0,0,2,0,0,0,0,0,0,0,0,0,0,0,0,0,0,0,0,0,0,0,0,0,0,0,0,0,0,0,0,1,0,0,0,0,0,0,0,0,1
"171","SdotYam25","SdotYam","N","27/10/2022",2022,25,"Fall",6,19292,"fish",34.87,32.511,"SdotYam251Fall2022",0.307870896813321,0.119113583439456,0.0319054241355685,0.0210010386715135,0.520109056940141,0,NA,NA,NA,NA,NA,NA,NA,3,12,0,0,0,0,0,0,10,0,0,0,0,0,0,0,0,0,0,0,0,0,0,0,0,0,0,0,0,0,0,0,0,0,0,0,0,1,0,0,0,0,0,0,0,0,1
"172","SdotYam25","SdotYam","N","27/10/2022",2022,25,"Fall",6,19292,"fish",34.87,32.511,"SdotYam252Fall2022",0.453688032316636,0.170903841299859,0,0.0973502893480209,0.278057837035485,0,NA,NA,NA,NA,NA,NA,NA,9,28,0,0,0,0,0,10,0,0,0,0,0,0,0,2,4,0,0,0,0,5,0,0,0,0,2,0,0,0,1,0,0,0,2,0,0,1,0,0,0,0,0,0,0,0,1
"173","SdotYam25","SdotYam","N","27/10/2022",2022,25,"Fall",6,19292,"fish",34.87,32.511,"SdotYam253Fall2022",0.466128310208013,0.166782932046538,0,0.0803276857031797,0.119614936746501,0.0679916482559057,NA,NA,NA,NA,NA,NA,NA,5,6,0,0,0,0,0,0,0,0,0,0,0,0,0,0,1,0,0,0,0,1,0,0,0,0,0,0,0,0,0,0,0,0,0,0,0,1,0,0,0,0,0,0,0,2,1
"174","SdotYam25","SdotYam","N","28/05/2015",2015,25,"Spring",10,16583,"fish",34.87,32.511,"SdotYam251Spring2015",0.976744186046512,0,0,0,0.0232558139534884,0,1.05311089261531,0.121741471549568,0.641300000000001,0.00121813570087898,0.0636842105263158,23.66528203125,-0.444257912827318,3,4,0,0,0,0,0,2,1,0,0,0,0,0,0,0,0,0,0,0,0,0,0,0,0,0,0,0,0,0,0,0,0,0,0,0,0,0,0,0,0,0,0,0,0,1,0
"175","SdotYam25","SdotYam","N","28/05/2015",2015,25,"Spring",10,16583,"fish",34.87,32.511,"SdotYam252Spring2015",0.625552322497976,0.00454265957569183,0.0340699468176887,0.0672773633361955,0.217939501071882,0.0506182067005661,1.08385366101196,0.304249664130268,1.3143,0.00467896446503927,0.0524561403508772,24.6425772020725,0.273304204505825,2,56,0,0,0,0,0,51,5,0,0,0,0,0,0,0,0,0,0,0,0,0,0,0,0,0,0,0,0,0,0,0,0,0,0,0,0,0,0,0,0,0,0,0,0,0,0
"176","SdotYam25","SdotYam","N","28/05/2015",2015,25,"Spring",10,16583,"fish",34.87,32.511,"SdotYam253Spring2015",0.749404640241091,0,0.0363098152364565,0,0.187312538918228,0.0269730056042248,1.01878986088176,0.330602414948166,1.2375,0.0109448982476775,0.0618181818181818,25.1727078431373,0.213093215460709,3,3,0,0,0,0,0,1,1,0,0,0,0,0,0,0,0,0,0,0,0,0,0,0,0,0,0,0,0,0,1,0,0,0,0,0,0,0,0,0,0,0,0,0,0,0,0
"177","SdotYam25","SdotYam","N","28/05/2015",2015,25,"Spring",10,16583,"fish",34.87,32.511,"SdotYam254Spring2015",0.637184789389359,0,0.145839840893742,0.0479979223194594,0.0782442320985473,0.0433352670084262,1.14717421296396,0.911565850367303,3.2059,0.0181362097202631,0.0663829787234043,24.9554905882353,1.16499286218499,2,11,0,0,0,2,0,0,9,0,0,0,0,0,0,0,0,0,0,0,0,0,0,0,0,0,0,0,0,0,0,0,0,0,0,0,0,0,0,0,0,0,0,0,0,0,0
"178","SdotYam25","SdotYam","N","29/05/2022",2022,25,"Spring",5,19141,"fish",34.87,32.511,"SdotYam253Spring2022",0.626687373675083,0.0131257598372973,0,0,0.025392094923343,0.0548469250344208,NA,NA,NA,NA,NA,NA,NA,5,66,0,0,0,0,0,0,19,0,0,0,0,0,0,0,0,0,0,0,0,24,0,0,0,0,0,0,0,0,0,0,0,0,0,0,0,0,0,0,0,1,0,0,0,20,2
"179","SdotYam25","SdotYam","N","29/05/2022",2022,25,"Spring",6,19141,"fish",34.87,32.511,"SdotYam251Spring2022",0.58142248720907,0.00599420552775658,0,0,0.0139151199751492,0.0333962879403581,NA,NA,NA,NA,NA,NA,NA,7,25,0,0,0,0,0,0,5,0,0,0,0,0,0,3,2,0,0,0,0,6,0,0,0,0,1,0,0,0,0,0,0,0,0,0,0,0,0,0,0,0,0,0,0,6,2
"180","SdotYam25","SdotYam","N","29/05/2022",2022,25,"Spring",7,19141,"fish",34.87,32.511,"SdotYam254Spring2022",0.579061741745034,0.00924212076499685,0,0,0.0190710428484062,0.0171639385635656,NA,NA,NA,NA,NA,NA,NA,8,40,0,0,0,0,0,1,2,0,0,0,0,0,0,11,11,0,0,0,0,10,0,0,0,0,0,0,0,0,0,0,0,0,0,2,0,0,0,0,0,0,0,0,0,1,2
"181","SdotYam25","SdotYam","N","29/05/2022",2022,25,"Spring",8,19141,"fish",34.87,32.511,"SdotYam252Spring2022",0.697097280256882,0.00359338042699176,0.0269503532024382,0,0.0333671039649235,0.0200202623789541,NA,NA,NA,NA,NA,NA,NA,5,31,0,0,0,0,0,0,0,0,0,0,0,0,0,1,1,0,0,0,0,23,0,0,0,0,0,0,0,0,0,0,0,0,0,0,0,0,0,0,0,0,0,0,0,5,1
"182","SdotYam25","SdotYam","N","31/10/2021",2021,25,"Fall",8,18931,"fish",34.87,32.511,"SdotYam253Fall2021",0.186875314678827,0.247889306309008,0,0,0.348303113657864,0.0181723363647581,NA,NA,NA,NA,NA,NA,NA,5,86,0,0,0,0,0,0,10,0,0,0,0,0,0,0,0,0,0,0,0,2,0,0,0,10,0,0,0,0,0,0,0,0,0,0,0,0,0,60,0,0,0,0,0,0,4
"183","SdotYam25","SdotYam","N","31/10/2021",2021,25,"Fall",8,18931,"fish",34.87,32.511,"SdotYam254Fall2021",0.054568197654407,0.186751960957154,0,0,0.221806731037152,0.0604927448283141,NA,NA,NA,NA,NA,NA,NA,5,54,0,0,0,0,0,40,0,0,0,0,0,0,0,2,0,0,0,0,0,0,0,0,0,8,0,0,0,0,0,0,0,0,0,0,0,2,0,0,0,0,0,0,0,0,2
"184","SdotYam25","SdotYam","N","31/10/2021",2021,25,"Fall",9,18931,"fish",34.87,32.511,"SdotYam251Fall2021",0.116271113312997,0.329498060975262,0,0.0173046382682941,0.30379253848783,0.0195295203313605,NA,NA,NA,NA,NA,NA,NA,6,134,0,0,0,0,0,24,10,0,0,0,0,0,0,0,0,0,0,0,0,0,0,0,0,12,0,0,0,0,0,0,0,0,0,0,0,0,0,80,0,0,0,0,0,2,6
"185","SdotYam25","SdotYam","N","31/10/2021",2021,25,"Fall",9,18931,"fish",34.87,32.511,"SdotYam252Fall2021",0.331510370439693,0.22565969075544,0,0.00856935534514328,0.171931192956526,0.135395814453264,NA,NA,NA,NA,NA,NA,NA,7,102,0,0,0,0,0,0,6,0,0,0,0,0,0,8,6,0,0,0,0,24,0,0,0,52,0,0,0,0,0,0,0,0,0,0,0,2,0,0,0,0,0,0,0,0,4
"186","SdotYam45","SdotYam","N","04/11/2021",2021,45,"Fall",6,18935,"fish",34.853,32.53,"SdotYam452Fall2021",0.0151455010293155,0.120542654346142,0,0,0.32313836549848,0.383768450571391,NA,NA,NA,NA,NA,NA,NA,4,96,0,0,0,0,0,90,1,0,0,0,0,0,0,0,0,0,0,0,0,0,0,0,0,0,0,0,0,0,0,0,0,0,0,0,2,0,0,0,0,0,0,0,0,0,3
"187","SdotYam45","SdotYam","N","04/11/2021",2021,45,"Fall",6,18935,"fish",34.853,32.53,"SdotYam453Fall2021",0.0193771360220098,0.127233256218366,0,0.00951687186903771,0.235693640216922,0.279252211700049,NA,NA,NA,NA,NA,NA,NA,4,31,0,0,0,0,0,20,0,0,0,0,0,0,0,0,0,0,0,0,0,0,0,0,0,4,6,0,0,0,0,0,0,0,0,0,0,0,0,0,0,1,0,0,0,0,0
"188","SdotYam45","SdotYam","N","04/11/2021",2021,45,"Fall",6,18935,"fish",34.853,32.53,"SdotYam454Fall2021",0.0243422920574727,0.166831389667967,0,0,0.395615910598961,0.314826977276647,NA,NA,NA,NA,NA,NA,NA,4,34,0,0,0,0,0,30,0,0,0,0,0,0,0,0,0,0,0,0,0,0,0,0,0,1,0,0,0,0,0,0,0,0,0,0,1,0,0,0,0,0,0,0,0,0,2
"189","SdotYam45","SdotYam","N","04/11/2021",2021,45,"Fall",7,18935,"fish",34.853,32.53,"SdotYam451Fall2021",0.0755402426401114,0.115413315769928,0,0.0066251388210586,0.369693262308437,0.269169925815581,NA,NA,NA,NA,NA,NA,NA,3,7,0,0,0,0,0,0,0,0,0,0,0,0,0,0,4,0,0,0,0,2,0,0,0,0,1,0,0,0,0,0,0,0,0,0,0,0,0,0,0,0,0,0,0,0,0
"190","SdotYam45","SdotYam","N","09/11/2020",2020,45,"Fall",7,18575,"fish",34.853,32.53,"SdotYam451Fall2020",0.148718408182144,0.0054798425806906,0,0.0135261937118312,0.432516146547365,0.366366618251886,NA,NA,NA,NA,NA,NA,NA,5,110,0,0,0,0,0,90,2,0,0,0,0,0,0,0,0,0,0,0,0,0,0,0,0,0,8,0,0,0,0,0,0,0,0,0,0,0,0,4,6,0,0,0,0,0,0
"191","SdotYam45","SdotYam","N","09/11/2020",2020,45,"Fall",7,18575,"fish",34.853,32.53,"SdotYam452Fall2020",0.0320510859663963,0.0637734428459577,0,0.0726532893181797,0.33784740555299,0.31431196831222,NA,NA,NA,NA,NA,NA,NA,6,46,0,0,0,0,0,25,3,0,0,0,0,0,0,0,1,0,0,0,0,2,0,0,0,0,14,0,0,0,0,0,0,0,0,0,1,0,0,0,0,0,0,0,0,0,0
"192","SdotYam45","SdotYam","N","09/11/2020",2020,45,"Fall",7,18575,"fish",34.853,32.53,"SdotYam453Fall2020",0.0384789520978874,0.0463409134307081,0,0.124332390189709,0.18397246688071,0.336763159713842,NA,NA,NA,NA,NA,NA,NA,6,54,0,0,0,0,0,20,5,0,0,0,0,0,0,0,0,0,0,0,0,0,0,0,0,0,2,0,0,0,0,0,0,0,0,0,0,0,0,20,3,4,0,0,0,0,0
"193","SdotYam45","SdotYam","N","09/11/2020",2020,45,"Fall",7,18575,"fish",34.853,32.53,"SdotYam454Fall2020",0.00261124051422897,0.0623483888935903,0.019483871529247,0.192372402440666,0.402048142667001,0.289474662720241,NA,NA,NA,NA,NA,NA,NA,3,20,0,0,0,0,0,4,12,0,0,0,0,0,0,0,0,0,0,0,0,0,0,0,0,0,0,0,0,0,0,0,0,0,0,0,0,0,0,0,4,0,0,0,0,0,0
"194","SdotYam45","SdotYam","N","10/12/2017",2017,45,"Fall",5.5,17510,"fish",34.853,32.53,"SdotYam453Fall2017",0.298690439049123,0,0.0256171287248143,0,0.417599860323559,0.133209069369034,1.02368545363509,0.266401992638567,1.05383667,0.00675002345199846,0.032972972972973,39.808859595,0.0524374760619783,4,150,0,0,0,0,0,43,6,0,0,0,0,0,0,0,0,0,0,0,0,0,0,0,0,0,0,0,0,100,0,0,0,0,0,0,1,0,0,0,0,0,0,0,0,0,0
"195","SdotYam45","SdotYam","N","10/12/2017",2017,45,"Fall",6,17510,"fish",34.853,32.53,"SdotYam451Fall2017",0.237386539217395,0,0,0,0.243666606392459,0.287358549607658,1.01901295071795,0.388378244735883,1.26790032,0.0112516541459845,0.0457575757575758,40.3998209562832,0.237362240937565,4,71,0,0,0,0,0,46,0,0,0,0,0,0,0,0,0,0,0,0,0,0,0,0,0,1,0,0,0,20,0,0,0,0,0,0,4,0,0,0,0,0,0,0,0,0,0
"196","SdotYam45","SdotYam","N","10/12/2017",2017,45,"Fall",6,17510,"fish",34.853,32.53,"SdotYam452Fall2017",0.241018045334347,0,0,0,0.481415709599622,0.198583980209844,1.02883923582966,0.267243183865507,0.839082160000004,0.00653135368023178,0.0603846153846154,39.5515665558647,-0.175446651206871,5,81,0,0,0,0,0,47,0,0,0,0,0,0,0,0,0,0,0,0,0,0,0,0,0,5,0,0,0,0,0,0,0,0,0,0,3,0,0,25,1,0,0,0,0,0,0
"197","SdotYam45","SdotYam","N","10/12/2017",2017,45,"Fall",6,17510,"fish",34.853,32.53,"SdotYam454Fall2017",0.242357964771356,0,0,0.0297578766871159,0.205234879691299,0.302255004636277,1.04233566532933,0.260672197728769,1.01564274,0.00261627048326924,0.0615555555555556,38.9888873937879,0.0155216534603448,4,108,0,0,0,0,0,100,0,0,0,0,0,0,0,0,0,0,0,0,0,0,0,0,0,0,0,0,0,0,0,0,0,1,0,0,1,0,0,6,0,0,0,0,0,0,0
"198","SdotYam45","SdotYam","N","11/05/2017",2017,45,"Spring",7,17297,"fish",34.853,32.53,"SdotYam453Spring2017",0.292703643536784,0,0.0283638895335345,0,0.678932466929682,0,1.01371335942844,0.344441559300234,1.23622009,0.00828028994911888,0.027,39.6534168744366,0.212058409526614,1,1,0,0,0,0,0,0,0,0,0,0,0,0,0,0,0,0,0,0,0,0,0,0,0,0,0,0,0,0,0,0,0,0,0,0,1,0,0,0,0,0,0,0,0,0,0
"199","SdotYam45","SdotYam","N","11/05/2017",2017,45,"Spring",8,17297,"fish",34.853,32.53,"SdotYam452Spring2017",0.329288652078523,0,0.0496363624733748,0,0.414818172098918,0.165927268839567,1.01819297921986,0.070204619533897,0.31532198,0.000227622425480695,0.03575,40.9111520410853,-1.15416100347487,4,8,0,0,0,0,0,2,3,0,0,0,0,0,0,1,0,0,0,0,0,0,0,0,0,0,0,0,0,0,0,0,0,0,0,0,2,0,0,0,0,0,0,0,0,0,0
"200","SdotYam45","SdotYam","N","11/05/2017",2017,45,"Spring",8,17297,"fish",34.853,32.53,"SdotYam454Spring2017",0.337011642154648,0,0,0,0.350601987226521,0.201946744642476,1.00876746546572,0.103410802130267,0.447767089999999,0.00322701164495038,0.0633333333333333,40.3617455382667,-0.803482070148839,5,74,0,0,0,0,0,57,3,0,0,0,0,0,0,2,0,0,0,0,0,0,0,0,0,0,0,0,0,0,0,0,0,0,0,0,1,0,0,0,11,0,0,0,0,0,0
"201","SdotYam45","SdotYam","N","11/05/2017",2017,45,"Spring",9,17297,"fish",34.853,32.53,"SdotYam451Spring2017",0.360316761988561,0,0.0277166739991201,0,0.509018917729873,0.102947646282446,1.02294015687306,0.470734776709497,1.5009129,0.0113839091793647,0.0384615384615385,39.5429629353237,0.406073522986293,2,5,0,0,0,0,0,0,4,0,0,0,0,0,0,0,0,0,0,0,0,0,0,0,0,0,0,0,0,0,0,0,0,0,0,0,1,0,0,0,0,0,0,0,0,0,0
"202","SdotYam45","SdotYam","N","11/11/2019",2019,45,"Fall",5,18211,"fish",34.853,32.53,"SdotYam451Fall2019",NA,NA,NA,NA,NA,NA,NA,NA,NA,NA,NA,NA,NA,6,276,0,0,0,0,0,170,1,0,0,0,0,0,0,0,1,0,0,0,0,0,0,0,0,0,3,0,0,100,0,0,0,0,0,0,0,0,0,0,0,0,0,0,0,0,1
"203","SdotYam45","SdotYam","N","11/11/2019",2019,45,"Fall",5,18211,"fish",34.853,32.53,"SdotYam452Fall2019",0.0197455621114915,0.0857205941175799,0,0.013224300516557,0.163064721448868,0.348239913602668,NA,NA,NA,NA,NA,NA,NA,4,126,0,0,0,0,0,71,2,0,0,0,0,0,0,0,0,0,0,0,0,0,0,0,0,0,0,0,0,50,0,0,0,0,0,0,3,0,0,0,0,0,0,0,0,0,0
"204","SdotYam45","SdotYam","N","11/11/2019",2019,45,"Fall",5,18211,"fish",34.853,32.53,"SdotYam453Fall2019",NA,NA,NA,NA,NA,NA,NA,NA,NA,NA,NA,NA,NA,5,407,0,0,0,0,0,160,2,0,0,0,0,0,0,0,0,0,0,0,0,0,0,0,0,0,0,0,0,240,0,0,0,0,0,0,4,0,0,0,0,0,1,0,0,0,0
"205","SdotYam45","SdotYam","N","11/11/2019",2019,45,"Fall",5,18211,"fish",34.853,32.53,"SdotYam454Fall2019",0.0278382431242873,0.125694883945007,0.0319563264266967,0.0105172719885331,0.191230715283566,0.249259346128234,NA,NA,NA,NA,NA,NA,NA,2,21,0,0,0,0,0,20,0,0,0,0,0,0,0,0,0,0,0,0,0,0,0,0,0,0,0,0,0,0,0,0,0,0,0,0,0,0,0,0,0,0,0,0,0,0,1
"206","SdotYam45","SdotYam","N","12/05/2021",2021,45,"Spring",7,18759,"fish",34.853,32.53,"SdotYam451Spring2021",0.0399587203939722,0.14998026008945,0.0135524331406129,0.00446029445134097,0.162198961714637,0.211417956993562,NA,NA,NA,NA,NA,NA,NA,4,56,0,0,0,0,0,50,1,0,0,0,0,0,0,0,0,0,0,0,0,0,0,0,0,4,0,0,0,0,0,0,0,0,0,0,0,0,0,0,0,0,0,0,0,0,1
"207","SdotYam45","SdotYam","N","12/05/2021",2021,45,"Spring",7,18759,"fish",34.853,32.53,"SdotYam452Spring2021",0.0296554428600448,0.28618262755914,0.0663825682482541,0,0.260261815195536,0.213688648265808,NA,NA,NA,NA,NA,NA,NA,2,91,0,0,0,0,0,90,0,0,0,0,0,0,0,0,0,0,0,0,0,0,0,0,0,0,0,0,0,0,0,0,0,0,0,0,0,0,0,0,0,0,1,0,0,0,0
"208","SdotYam45","SdotYam","N","12/05/2021",2021,45,"Spring",7,18759,"fish",34.853,32.53,"SdotYam453Spring2021",0.117380750247646,0.224338216600156,0,0.022756694418431,0.266337608749044,0.256825551293721,NA,NA,NA,NA,NA,NA,NA,5,20,0,0,0,0,0,15,2,0,0,0,0,0,0,0,0,0,0,0,0,0,0,0,0,0,0,0,0,0,0,0,0,0,0,0,1,0,0,0,1,0,0,0,0,1,0
"209","SdotYam45","SdotYam","N","12/05/2021",2021,45,"Spring",7,18759,"fish",34.853,32.53,"SdotYam454Spring2021",0.103666324305043,0.157280420746908,0.0193377566492099,0.0127286499463154,0.219468190542621,0.330399385035073,NA,NA,NA,NA,NA,NA,NA,4,75,0,0,0,0,0,70,2,0,0,0,0,0,0,0,1,0,0,0,0,2,0,0,0,0,0,0,0,0,0,0,0,0,0,0,0,0,0,0,0,0,0,0,0,0,0
"210","SdotYam45","SdotYam","N","18/05/2016",2016,45,"Spring",6,16939,"fish",34.853,32.53,"SdotYam451Spring2016",0.235566491280588,0.003605514738338,0,0,0.552416365266786,0.120527206967299,1.03135294638112,0.16782779962374,0.826449539999999,0.00369006783037115,0.0525641025641026,38.3864180562698,-0.190616416216426,1,1,0,0,0,0,0,0,0,0,0,0,0,0,0,0,0,0,0,0,0,0,0,0,0,0,0,0,0,0,0,0,0,0,0,0,1,0,0,0,0,0,0,0,0,0,0
"211","SdotYam45","SdotYam","N","18/05/2016",2016,45,"Spring",6,16939,"fish",34.853,32.53,"SdotYam452Spring2016",0.200445177140731,0,0,0,0.592355012733093,0.0895999178924006,1.01443168722682,0.0843183659501385,0.40375031,0.000832826756064722,0.0536842105263158,38.4874508004762,-0.906958636643709,2,8,0,0,0,0,0,0,7,0,0,0,0,0,0,0,0,0,0,0,0,0,0,0,0,0,0,0,0,0,0,0,0,0,0,0,1,0,0,0,0,0,0,0,0,0,0
"212","SdotYam45","SdotYam","N","18/05/2016",2016,45,"Spring",6,16939,"fish",34.853,32.53,"SdotYam453Spring2016",0.280415335579037,0,0.0756263787335494,0.00829656475557926,0.504575997793682,0.131085723138152,1.0150797878315,0.360046924771092,1.22398223,0.0100266716771488,0.0409090909090909,37.7159302788785,0.202109666010889,3,34,0,0,0,0,0,28,5,0,0,0,0,0,0,0,0,0,0,0,0,0,0,0,0,0,0,0,0,0,0,0,0,0,0,0,1,0,0,0,0,0,0,0,0,0,0
"213","SdotYam45","SdotYam","N","18/05/2016",2016,45,"Spring",6,16939,"fish",34.853,32.53,"SdotYam454Spring2016",0.251574846922575,0,0.0272048608154847,0,0.65680306825956,0.0202093251772172,1.0291120012582,0.508716904766947,1.75346657,0.0123698851519729,0.0378378378378378,38.9185614352518,0.561594725688674,3,308,0,0,0,0,0,302,5,0,0,0,0,0,0,0,0,0,0,0,0,0,0,0,0,0,0,0,0,0,0,0,0,0,0,0,1,0,0,0,0,0,0,0,0,0,0
"214","SdotYam45","SdotYam","N","18/06/2015",2015,45,"Spring",10,16604,"fish",34.853,32.53,"SdotYam451Spring2015",0.284146026990189,0.0158813970717651,0.0238220956076476,0,0.368675289165975,0.230053380439569,1.023783641178,0.368134337688885,1.3813965,0.0114426510233351,0.0515,41.0137620451402,0.323094944008024,1,1,0,0,0,0,0,0,0,0,0,0,0,0,0,0,0,0,0,0,0,0,0,0,0,0,0,0,0,0,0,0,0,0,0,0,1,0,0,0,0,0,0,0,0,0,0
"215","SdotYam45","SdotYam","N","18/06/2015",2015,45,"Spring",10,16604,"fish",34.853,32.53,"SdotYam452Spring2015",0.518383594013728,0.0191009339484641,0.14325700461348,0,0.212838978282885,0.106419489141443,1.02367319047523,0.244157663854439,1.04120404,0.00482962844977859,0.0661290322580645,39.5000834448315,0.0403777742690443,2,3,0,0,0,0,0,2,0,0,0,0,0,0,0,0,0,0,0,0,0,0,0,0,0,0,0,0,0,0,0,0,0,0,0,0,1,0,0,0,0,0,0,0,0,0,0
"216","SdotYam45","SdotYam","N","18/06/2015",2015,45,"Spring",10,16604,"fish",34.853,32.53,"SdotYam453Spring2015",0.241345204264287,0.0184698105038547,0.184698105038547,0,0.366830958618225,0.188655921575087,1.02959322143417,0.264676995097476,1.19279546,0.00339816494699006,0.0736666666666667,38.7468508170455,0.176299678290792,3,16,0,0,0,0,0,13,2,0,0,0,0,0,0,0,0,0,0,0,0,0,0,0,0,0,0,0,0,0,0,0,0,0,0,0,1,0,0,0,0,0,0,0,0,0,0
"217","SdotYam45","SdotYam","N","20/05/2019",2019,45,"Spring",6,18036,"fish",34.853,32.53,"SdotYam451Spring2019",0.406432291617626,0,0,0.0774367941034892,0.124076415243421,0.349571813381466,NA,NA,NA,NA,NA,NA,NA,5,24,0,0,0,0,0,16,3,0,0,0,0,0,0,0,0,0,0,0,1,0,0,0,0,0,0,0,0,0,0,0,0,0,0,0,3,0,0,0,0,0,0,0,0,0,1
"218","SdotYam45","SdotYam","N","20/05/2019",2019,45,"Spring",6,18036,"fish",34.853,32.53,"SdotYam452Spring2019",0.391967912782492,0,0,0.00908069919749265,0.250511987384797,0.348439400635218,NA,NA,NA,NA,NA,NA,NA,3,38,0,0,0,0,0,35,0,0,0,0,0,0,0,0,0,0,0,0,0,0,0,0,0,0,0,0,2,0,0,0,0,0,0,0,1,0,0,0,0,0,0,0,0,0,0
"219","SdotYam45","SdotYam","N","20/05/2019",2019,45,"Spring",6,18036,"fish",34.853,32.53,"SdotYam453Spring2019",0.447528319358644,0,0,0,0.264546573135616,0.28792510750574,NA,NA,NA,NA,NA,NA,NA,4,110,0,0,0,0,0,107,1,0,0,0,0,0,0,0,0,0,0,0,0,0,0,0,0,0,1,0,0,0,0,0,0,0,0,0,0,0,0,0,0,0,0,0,0,1,0
"220","SdotYam45","SdotYam","N","20/05/2019",2019,45,"Spring",6,18036,"fish",34.853,32.53,"SdotYam454Spring2019",0.427768244986748,0,0,0.0662457836346224,0.160206640014342,0.299052394693438,NA,NA,NA,NA,NA,NA,NA,5,12,0,0,0,0,0,1,4,0,0,0,0,0,0,0,0,0,0,0,0,1,0,0,0,0,0,0,0,0,0,0,0,0,0,0,1,0,0,5,0,0,0,0,0,0,0
"221","SdotYam45","SdotYam","N","23/05/2018",2018,45,"Spring",6,17674,"fish",34.853,32.53,"SdotYam451Spring2018",0.43899513975967,0,0,0.0770027641169765,0.223292737613018,0.260709358510335,NA,NA,NA,NA,NA,NA,NA,3,9,0,0,0,0,0,0,4,0,0,0,0,0,0,0,0,0,0,0,0,0,0,0,0,0,0,0,0,0,0,0,0,0,0,0,2,0,0,3,0,0,0,0,0,0,0
"222","SdotYam45","SdotYam","N","23/05/2018",2018,45,"Spring",6,17674,"fish",34.853,32.53,"SdotYam452Spring2018",0.427728613569322,0,0,0,0.204382638010957,0.367888748419722,NA,NA,NA,NA,NA,NA,NA,1,4,0,0,0,0,0,0,0,0,0,0,0,0,0,0,0,0,0,0,0,0,0,0,0,0,0,0,0,0,0,0,0,0,0,0,4,0,0,0,0,0,0,0,0,0,0
"223","SdotYam45","SdotYam","N","23/05/2018",2018,45,"Spring",6,17674,"fish",34.853,32.53,"SdotYam453Spring2018",0.388716498736027,0,0,0,0.255669905471623,0.355613595792349,NA,NA,NA,NA,NA,NA,NA,2,4,0,0,0,0,0,0,0,0,0,0,0,0,0,0,0,0,0,0,1,0,0,0,0,0,0,0,0,0,0,0,0,0,0,0,3,0,0,0,0,0,0,0,0,0,0
"224","SdotYam45","SdotYam","N","23/05/2018",2018,45,"Spring",6,17674,"fish",34.853,32.53,"SdotYam454Spring2018",0.504865182596653,0,0.0313922581486381,0.0206632585282174,0.233199631961311,0.20987966876518,NA,NA,NA,NA,NA,NA,NA,3,7,0,0,0,0,0,1,4,0,0,0,0,0,0,0,0,0,0,0,0,0,0,0,0,0,0,0,0,0,0,0,0,0,0,0,2,0,0,0,0,0,0,0,0,0,0
"225","SdotYam45","SdotYam","N","25/11/2015",2015,45,"Fall",8,16764,"fish",34.853,32.53,"SdotYam451Fall2015",0.159125034882998,0,0,0.00751466815172873,0.541831429829012,0.254425193137101,NA,NA,NA,NA,NA,NA,NA,6,25,0,0,0,0,0,4,3,0,0,0,0,1,0,0,0,0,0,0,0,0,0,0,0,0,0,0,0,0,0,0,0,0,0,0,6,0,0,10,0,0,0,1,0,0,0
"226","SdotYam45","SdotYam","N","25/11/2015",2015,45,"Fall",8,16764,"fish",34.853,32.53,"SdotYam452Fall2015",0.170581989297925,0,0,0.0293963188308217,0.525284221012659,0.165879227688208,NA,NA,NA,NA,NA,NA,NA,4,52,0,0,0,0,0,23,10,0,0,0,0,0,0,0,0,0,0,0,0,0,0,0,0,0,0,0,0,0,0,0,0,0,0,0,7,0,0,12,0,0,0,0,0,0,0
"227","SdotYam45","SdotYam","N","25/11/2015",2015,45,"Fall",8,16764,"fish",34.853,32.53,"SdotYam453Fall2015",0.175944952216659,0,0,0,0.429271310768411,0.165040232101253,NA,NA,NA,NA,NA,NA,NA,4,124,0,0,0,0,0,99,0,0,0,0,0,0,0,0,0,0,0,0,0,0,0,0,0,0,0,0,10,0,0,0,0,0,0,0,1,0,0,14,0,0,0,0,0,0,0
"228","SdotYam45","SdotYam","N","25/11/2015",2015,45,"Fall",8,16764,"fish",34.853,32.53,"SdotYam454Fall2015",0.234799119160674,0,0,0.0145973495007758,0.411853789486173,0.230638122112257,NA,NA,NA,NA,NA,NA,NA,5,143,0,0,0,0,0,72,10,0,0,0,0,0,0,0,0,0,0,0,0,0,0,0,0,0,0,0,2,0,0,0,0,0,0,0,3,0,0,56,0,0,0,0,0,0,0
"229","SdotYam45","SdotYam","N","25/12/2018",2018,45,"Fall",8,17890,"fish",34.853,32.53,"SdotYam451Fall2018",0.00537859688782984,0.181934487549362,0,0.0396245998571768,0.240158619769291,0.402472721406467,1.02773160217061,0.180350040082654,0.737922529999999,0.00346689401177558,0.0402941176470588,40.0578645444444,-0.303916432791436,5,43,0,0,0,0,0,31,2,0,0,0,0,0,0,0,0,0,0,0,0,0,0,0,0,0,0,0,0,0,0,0,0,0,0,0,3,0,0,4,0,0,0,0,0,0,3
"230","SdotYam45","SdotYam","N","25/12/2018",2018,45,"Fall",8,17890,"fish",34.853,32.53,"SdotYam452Fall2018",0.00265550260826043,0.163796848062341,0,0.0391266460255081,0.253495122001242,0.412134004802019,1.03646650389052,0.433339449843003,1.60207254,0.00831279239833403,0.0406382978723404,40.1891464117341,0.471298128519896,5,112,0,0,0,0,0,93,1,0,0,0,0,0,0,0,0,0,0,0,0,0,0,0,0,15,0,0,0,0,0,0,0,0,0,0,1,0,0,2,0,0,0,0,0,0,0
"231","SdotYam45","SdotYam","N","25/12/2018",2018,45,"Fall",8,17890,"fish",34.853,32.53,"SdotYam453Fall2018",0.0034068845208305,0.07965121297675,0,0.0334650935210692,0.230802906903247,0.198280679112335,1.02153093630639,0.172728733279966,0.60547742,0.00146296097046475,0.0481081081081081,40.5118159593388,-0.501738008178968,4,29,1,0,0,0,0,22,0,0,0,0,0,0,0,0,0,0,0,0,0,0,0,0,0,4,0,0,0,0,0,0,0,0,0,0,0,0,0,0,0,0,0,0,0,0,2
"232","SdotYam45","SdotYam","N","25/12/2018",2018,45,"Fall",8,17890,"fish",34.853,32.53,"SdotYam454Fall2018",0.00596648090672048,0.186980332415225,0,0.0659333902729997,0.321527026639937,0.347249188771132,1.01967450530721,0.28559827848338,1.12874414,0.00694266349569278,0.0335714285714286,41.2549417192424,0.121105634151973,3,33,0,0,0,0,0,23,0,0,0,0,0,0,0,0,0,0,0,0,0,0,0,0,0,8,0,0,0,0,0,0,0,0,0,0,2,0,0,0,0,0,0,0,0,0,0
