"","Algae","Ascidian","Bryozoan","Hard coral","Hard Substrate","Hydrozoa","Serpulid","Soft Substrate","Sponge","tag","site","season","depth","sample_date","transect","year","site_id","Reserve"
"1",0.519297191770536,0,0,0,0.101967262351704,0,0,0.378735545877759,0,"AchzivR101Fall2015","Achziv","Fall",10,2015-11-18,1,"2015","Achziv10","R"
"2",0.534587488004832,0,0,0,0.238140006137629,0,0,0.227272505857539,0,"AchzivR101Fall2016","Achziv","Fall",10,2016-11-29,1,"2016","Achziv10","R"
"3",0.529178157749586,0,0,0,0.192608935466078,0,0,0.278212906784335,0,"AchzivR101Fall2017","Achziv","Fall",10,2017-11-09,1,"2017","Achziv10","R"
"4",0.527914495150628,0,0,0,0.213747133099151,0,0,0.258338371750221,0,"AchzivR101Fall2018","Achziv","Fall",10,2018-10-31,1,"2018","Achziv10","R"
"5",0.800025411294091,0,0.122449648750338,0,0,0,0,0.0775249399555712,0,"AchzivR101Fall2019","Achziv","Fall",10,2019-11-05,1,"2019","Achziv10","R"
"6",0.990288346015218,0,0,0,0,0,0,0.00971165398478174,0,"AchzivR101Fall2020","Achziv","Fall",10,2020-10-19,1,"2020","Achziv10","R"
"7",0.784789226562097,0,0.150147051235746,0,0,0,0,0.0650637222021568,0,"AchzivR101Fall2021","Achziv","Fall",10,2021-10-14,1,"2021","Achziv10","R"
"8",0.411726500859514,0,0,0,0.432982386293665,0,0.134018357662325,0.021272755184496,0,"AchzivR101Spring2015","Achziv","Spring",10,2015-04-20,1,"2015","Achziv10","R"
"9",0.701684792298092,0,0,0,0.242110893207345,0,0,0.0562043144945623,0,"AchzivR101Spring2016","Achziv","Spring",10,2016-05-10,1,"2016","Achziv10","R"
"10",0.76320633904274,0,0,0,0.0349367696494317,0,0,0.201856891307828,0,"AchzivR101Spring2017","Achziv","Spring",10,2017-04-20,1,"2017","Achziv10","R"
"11",0.701608192827382,0,0,0,0.101982010046338,0,0,0.19640979712628,0,"AchzivR101Spring2018","Achziv","Spring",10,2018-04-10,1,"2018","Achziv10","R"
"12",0.78885014736761,0,0,0,0,0,0,0.17751536283254,0.0336344897998497,"AchzivR101Spring2019","Achziv","Spring",10,2019-05-01,1,"2019","Achziv10","R"
"13",1,0,0,0,0,0,0,0,0,"AchzivR101Spring2020","Achziv","Spring",10,2020-05-11,1,"2020","Achziv10","R"
"14",0.875991266099174,0,0,0,0.116027973798298,0,0,0.0079807601025284,0,"AchzivR101Spring2021","Achziv","Spring",10,2021-04-20,1,"2021","Achziv10","R"
"15",0.783941176332266,0.0549438541215533,0.00901642734302413,0,0,0,0,0.0767469708364554,0.0753515713667017,"AchzivR101Spring2022","Achziv","Spring",10,2022-05-10,1,"2022","Achziv10","R"
"16",0.528099782015562,0,0,0,0.235249960300847,0,0,0.236650257683591,0,"AchzivR102Fall2015","Achziv","Fall",10,2015-11-18,2,"2015","Achziv10","R"
"17",0.665447733779542,0,0,0,0.180555049445079,0,0,0.0869339126957786,0.0670633040796006,"AchzivR102Fall2016","Achziv","Fall",10,2016-11-29,2,"2016","Achziv10","R"
"18",0.420022223398063,0,0,0,0.323350441822319,0,0,0.256627334779618,0,"AchzivR102Fall2017","Achziv","Fall",10,2017-11-09,2,"2017","Achziv10","R"
"19",0.557969478592624,0,0,0,0.16521074305093,0,0,0.252274182246023,0.0245455961104238,"AchzivR102Fall2018","Achziv","Fall",10,2018-10-31,2,"2018","Achziv10","R"
"20",0.752569210638517,0,0.0798623873443404,0,0.0748709881353191,0,0,0.0926974138818236,0,"AchzivR102Fall2019","Achziv","Fall",10,2019-11-05,2,"2019","Achziv10","R"
"21",0.953561536094108,0,0.046438463905892,0,0,0,0,0,0,"AchzivR102Fall2020","Achziv","Fall",10,2020-10-19,2,"2020","Achziv10","R"
"22",0.773023456682819,0,0.132787205840812,0,0,0,0,0.0941893374763695,0,"AchzivR102Fall2021","Achziv","Fall",10,2021-10-14,2,"2021","Achziv10","R"
"23",0.422189128816083,0,0,0,0.568782576321668,0,0,0.0090282948622487,0,"AchzivR102Spring2015","Achziv","Spring",10,2015-04-20,2,"2015","Achziv10","R"
"24",0.819948480945526,0,0,0,0.132282748693083,0,0,0.047768770361391,0,"AchzivR102Spring2016","Achziv","Spring",10,2016-05-10,2,"2016","Achziv10","R"
"25",0.575446746237396,0,0,0,0.136742612408201,0,0,0.287810641354403,0,"AchzivR102Spring2017","Achziv","Spring",10,2017-04-20,2,"2017","Achziv10","R"
"26",0.783041772658002,0,0,0,0.0708205612567144,0,0,0.146137666085284,0,"AchzivR102Spring2018","Achziv","Spring",10,2018-04-10,2,"2018","Achziv10","R"
"27",0.722161378915267,0,0,0,0.171606207140571,0,0,0.106232413944163,0,"AchzivR102Spring2019","Achziv","Spring",10,2019-05-01,2,"2019","Achziv10","R"
"28",0.927755121975043,0,0,0,0.0414519791946473,0,0,0,0.0307928988303094,"AchzivR102Spring2020","Achziv","Spring",10,2020-05-11,2,"2020","Achziv10","R"
"29",0.835023276039762,0.0621144614845528,0,0,0.0382242839904941,0.0125801440981373,0,0.0236626519941154,0.0283951823929384,"AchzivR102Spring2021","Achziv","Spring",10,2021-04-20,2,"2021","Achziv10","R"
"30",0.693125828996649,0,0,0,0.0313441517075408,0,0,0.252245792313066,0.0232842269827446,"AchzivR102Spring2022","Achziv","Spring",10,2022-05-10,2,"2022","Achziv10","R"
"31",0.44801220987389,0,0,0,0.426748127899515,0,0,0.10762783472598,0.0176118275006149,"AchzivR103Fall2015","Achziv","Fall",10,2015-11-18,3,"2015","Achziv10","R"
"32",0.469003872696037,0,0,0,0.237253588795388,0,0,0.293742538508575,0,"AchzivR103Fall2016","Achziv","Fall",10,2016-11-29,3,"2016","Achziv10","R"
"33",0.487378110494699,0,0,0,0.197334369126953,0,0,0.273404307339157,0.0418832130391901,"AchzivR103Fall2017","Achziv","Fall",10,2017-11-09,3,"2017","Achziv10","R"
"34",0.733260855662851,0,0,0,0.14211049550309,0,0,0.124628648834059,0,"AchzivR103Fall2018","Achziv","Fall",10,2018-10-31,3,"2018","Achziv10","R"
"35",0.933085608905059,0,0.0306033149835302,0,0,0,0,0.0078937121981328,0.0284173639132781,"AchzivR103Fall2019","Achziv","Fall",10,2019-11-05,3,"2019","Achziv10","R"
"36",0.877790464191504,0,0.0118814826480483,0,0,0,0,0.110328053160448,0,"AchzivR103Fall2020","Achziv","Fall",10,2020-10-19,3,"2020","Achziv10","R"
"37",0.452052417326844,0,0.0719574719683345,0,0.107936207952502,0,0.175396337922815,0.172612269066898,0.0200452957626075,"AchzivR103Fall2021","Achziv","Fall",10,2021-10-14,3,"2021","Achziv10","R"
"38",0.39153204211865,0,0,0,0.125460243793564,0,0.465995191233239,0.00369837453359714,0.0133141483209497,"AchzivR103Spring2015","Achziv","Spring",10,2015-04-20,3,"2015","Achziv10","R"
"39",0.907376462162807,0,0,0,0,0,0,0.0926235378371927,0,"AchzivR103Spring2016","Achziv","Spring",10,2016-05-10,3,"2016","Achziv10","R"
"40",0.832636202028652,0,0,0,0.035501411690892,0,0,0.131862386280456,0,"AchzivR103Spring2017","Achziv","Spring",10,2017-04-20,3,"2017","Achziv10","R"
"41",0.690871456196812,0,0,0,0.106654426394309,0,0,0.176064449920764,0.0264096674881146,"AchzivR103Spring2018","Achziv","Spring",10,2018-04-10,3,"2018","Achziv10","R"
"42",0.745986564955027,0,0,0,0.038654218376409,0,0,0.215359216668564,0,"AchzivR103Spring2019","Achziv","Spring",10,2019-05-01,3,"2019","Achziv10","R"
"43",1,0,0,0,0,0,0,0,0,"AchzivR103Spring2020","Achziv","Spring",10,2020-05-11,3,"2020","Achziv10","R"
"44",0.914197257850509,0,0,0,0.0858027421494914,0,0,0,0,"AchzivR103Spring2021","Achziv","Spring",10,2021-04-20,3,"2021","Achziv10","R"
"45",0.57699217291448,0.0964969668494906,0.00791769984406077,0,0,0,0,0.318593160391969,0,"AchzivR103Spring2022","Achziv","Spring",10,2022-05-10,3,"2022","Achziv10","R"
"46",0.511900502289516,0,0,0,0.276780093211165,0,0,0.211319404499318,0,"AchzivR104Fall2015","Achziv","Fall",10,2015-11-18,4,"2015","Achziv10","R"
"47",0.473622021399969,0,0,0,0.429804599461719,0,0,0.0788354115414792,0.0177379675968328,"AchzivR104Fall2016","Achziv","Fall",10,2016-11-29,4,"2016","Achziv10","R"
"48",0.575164170985293,0,0,0,0.0340603935198861,0,0,0.365473428880048,0.0253020066147725,"AchzivR104Fall2017","Achziv","Fall",10,2017-11-09,4,"2017","Achziv10","R"
"49",0.736407776689911,0,0,0,0.162806961456231,0,0,0.100785261853857,0,"AchzivR104Fall2018","Achziv","Fall",10,2018-10-31,4,"2018","Achziv10","R"
"50",0.97836994090757,0,0.0216300590924295,0,0,0,0,0,0,"AchzivR104Fall2019","Achziv","Fall",10,2019-11-05,4,"2019","Achziv10","R"
"51",0.832401666836061,0,0.0107549732511619,0,0.0403311496918571,0,0,0.11651221022092,0,"AchzivR104Fall2020","Achziv","Fall",10,2020-10-19,4,"2020","Achziv10","R"
"52",0.888843200830474,0,0.0329547216361418,0,0,0,0,0.0170004516376922,0.0612016258956919,"AchzivR104Fall2021","Achziv","Fall",10,2021-10-14,4,"2021","Achziv10","R"
"53",0.552855810385436,0,0,0,0.12061856411918,0.00793944979012321,0.313608266709867,0.00497790899539471,0,"AchzivR104Spring2015","Achziv","Spring",10,2015-04-20,4,"2015","Achziv10","R"
"54",0.762816381501331,0,0,0,0.0981342029252375,0,0,0.11474951770623,0.0242998978672017,"AchzivR104Spring2016","Achziv","Spring",10,2016-05-10,4,"2016","Achziv10","R"
"55",0.810304625799173,0,0,0,0,0,0,0.189695374200827,0,"AchzivR104Spring2017","Achziv","Spring",10,2017-04-20,4,"2017","Achziv10","R"
"56",0.681862905870777,0,0,0,0,0,0,0.318137094129223,0,"AchzivR104Spring2018","Achziv","Spring",10,2018-04-10,4,"2018","Achziv10","R"
"57",0.572717812050899,0,0,0,0.100945416902975,0,0,0.326336771046126,0,"AchzivR104Spring2019","Achziv","Spring",10,2019-07-01,4,"2019","Achziv10","R"
"58",0.865940140924848,0,0,0,0.0769195912726284,0,0,0,0.057140267802524,"AchzivR104Spring2020","Achziv","Spring",10,2020-05-11,4,"2020","Achziv10","R"
"59",0.820875576316797,0,0,0,0.148484719632129,0,0,0.0306397040510743,0,"AchzivR104Spring2021","Achziv","Spring",10,2021-04-20,4,"2021","Achziv10","R"
"60",0.584869633921517,0,0,0,0,0,0,0.415130366078483,0,"AchzivR104Spring2022","Achziv","Spring",10,2022-05-10,4,"2022","Achziv10","R"
"61",0.567629831952025,0.0962589050687875,0,0,0,0.00974773722215569,0,0.128345206758383,0.198018318998648,"AchzivR251Fall2015","Achziv","Fall",25,2015-11-18,1,"2015","Achziv25","R"
"62",0.757787995980389,0,0,0,0,0,0,0.162459270988763,0.0797527330308475,"AchzivR251Fall2016","Achziv","Fall",25,2016-11-29,1,"2016","Achziv25","R"
"63",0.804306024020427,0,0,0,0,0,0,0.0305771837468083,0.165116792232765,"AchzivR251Fall2017","Achziv","Fall",25,2017-11-09,1,"2017","Achziv25","R"
"64",0.804713405968735,0,0,0,0,0,0,0.106669148000271,0.0886174460309941,"AchzivR251Fall2018","Achziv","Fall",25,2018-10-31,1,"2018","Achziv25","R"
"65",0.645005543592476,0.0498133262169349,0.00408724727933824,0,0,0,0,0.164463045287658,0.136630837623593,"AchzivR251Fall2019","Achziv","Fall",25,2019-11-05,1,"2019","Achziv25","R"
"66",0.757933265258071,0,0.0102591350748345,0,0,0,0,0.174649561393016,0.0571580382740781,"AchzivR251Fall2020","Achziv","Fall",25,2020-10-19,1,"2020","Achziv25","R"
"67",0.116321064805421,0,0.407791259181106,0,0,0,0,0.383780383881833,0.0921072921316398,"AchzivR251Fall2021","Achziv","Fall",25,2021-10-14,1,"2021","Achziv25","R"
"68",0.411060593435085,0,0.185887541087195,0,0.034853913953849,0.0114709083898743,0,0.201378169511127,0.15534887362287,"AchzivR251Fall2022","Achziv","Fall",25,2022-10-30,1,"2022","Achziv25","R"
"69",0.526929601357082,0,0,0,0.359944868532655,0,0,0.051420695504665,0.061704834605598,"AchzivR251Spring2015","Achziv","Spring",25,2015-05-20,1,"2015","Achziv25","R"
"70",0.786553677606629,0,0,0,0,0,0,0.15894938901634,0.0544969333770308,"AchzivR251Spring2016","Achziv","Spring",25,2016-04-11,1,"2016","Achziv25","R"
"71",0.834734067601507,0,0,0,0.0333069537463374,0,0,0.0824743616575973,0.0494846169945584,"AchzivR251Spring2017","Achziv","Spring",25,2017-04-20,1,"2017","Achziv25","R"
"72",0.76000430292599,0,0,0,0,0,0,0.18633206294566,0.0536636341283501,"AchzivR251Spring2018","Achziv","Spring",25,2018-04-10,1,"2018","Achziv25","R"
"73",0.498177236905592,0,0,0,0,0,0,0.221010025197019,0.280812737897389,"AchzivR251Spring2019","Achziv","Spring",25,2019-05-01,1,"2019","Achziv25","R"
"74",0.667048040793837,0,0.0245787882077881,0,0.0307234852597351,0.0101115267943432,0,0.107776035593674,0.159762123350623,"AchzivR251Spring2020","Achziv","Spring",25,2020-05-11,1,"2020","Achziv25","R"
"75",0.381923465468673,0,0,0,0.172711310724761,0.0378944648003696,0,0.279170928182088,0.128299830824108,"AchzivR251Spring2021","Achziv","Spring",25,2021-04-20,1,"2021","Achziv25","R"
"76",0.353428014394809,0,0.0565096440598294,0,0.0235456850249289,0,0,0.286659371652706,0.279857284867726,"AchzivR251Spring2022","Achziv","Spring",25,2022-05-10,1,"2022","Achziv25","R"
"77",0.843003669897431,0,0,0,0,0.0127787710548603,0,0.144217559047709,0,"AchzivR252Fall2015","Achziv","Fall",25,2015-11-18,2,"2015","Achziv25","R"
"78",0.596139288417865,0,0,0,0,0,0,0.183573050719152,0.220287660862983,"AchzivR252Fall2016","Achziv","Fall",25,2016-11-29,2,"2016","Achziv25","R"
"79",0.697789084049106,0,0,0,0,0,0,0.152491746580726,0.149719169370168,"AchzivR252Fall2017","Achziv","Fall",25,2017-11-09,2,"2017","Achziv25","R"
"80",0.700021756697955,0,0,0,0,0,0,0.218577111953751,0.0814011313482936,"AchzivR252Fall2018","Achziv","Fall",25,2018-10-31,2,"2018","Achziv25","R"
"81",0.859025441719194,0,0,0,0,0,0,0.0554394330317777,0.0855351252490284,"AchzivR252Fall2019","Achziv","Fall",25,2019-11-05,2,"2019","Achziv25","R"
"82",0.625036745252513,0,0,0,0,0,0,0.0926715268387324,0.282291727908754,"AchzivR252Fall2020","Achziv","Fall",25,2020-10-19,2,"2020","Achziv25","R"
"83",0.108680567266559,0,0.306349154568471,0,0,0,0.219625313017838,0.264944822053264,0.100400143093869,"AchzivR252Fall2021","Achziv","Fall",25,2021-10-14,2,"2021","Achziv25","R"
"84",0.247789016275336,0,0.315851576194555,0,0,0,0,0.178835822758241,0.257523584771867,"AchzivR252Fall2022","Achziv","Fall",25,2022-10-30,2,"2022","Achziv25","R"
"85",0.602766227007249,0,0,0,0.224878169306551,0,0,0.0530324934419077,0.119323110244292,"AchzivR252Spring2015","Achziv","Spring",25,2015-05-20,2,"2015","Achziv25","R"
"86",0.752233121230899,0,0,0,0,0,0,0.168598763659447,0.0791681151096534,"AchzivR252Spring2016","Achziv","Spring",25,2016-04-11,2,"2016","Achziv25","R"
"87",0.629870971341403,0,0,0,0,0.0108927588197747,0,0.211717193251017,0.147519076587805,"AchzivR252Spring2017","Achziv","Spring",25,2017-04-20,2,"2017","Achziv25","R"
"88",0.829216594588127,0,0,0,0,0,0,0.140937761747662,0.0298456436642109,"AchzivR252Spring2018","Achziv","Spring",25,2018-04-10,2,"2018","Achziv25","R"
"89",0.643823419539505,0,0,0,0,0.0128539408655618,0,0.169243554729897,0.174079084865037,"AchzivR252Spring2019","Achziv","Spring",25,2019-05-01,2,"2019","Achziv25","R"
"90",0.628580874130974,0.0514969128299869,0.0295777140356848,0,0,0,0,0.0784714862171229,0.211873012786232,"AchzivR252Spring2020","Achziv","Spring",25,2020-05-11,2,"2020","Achziv25","R"
"91",0.249139329437054,0,0.0326133805066049,0,0.0733801061398611,0.0563509675841971,0,0.29779122438769,0.290724991944592,"AchzivR252Spring2021","Achziv","Spring",25,2021-04-20,2,"2021","Achziv25","R"
"92",0.33734046496849,0,0.017122985401331,0,0,0,0,0.492897365481171,0.152639184149008,"AchzivR252Spring2022","Achziv","Spring",25,2022-05-10,2,"2022","Achziv25","R"
"93",0.736905786540731,0,0,0,0.03617401887371,0,0,0.11943168136082,0.107488513224738,"AchzivR253Fall2015","Achziv","Fall",25,2015-11-18,3,"2015","Achziv25","R"
"94",0.55763842812979,0,0,0,0.0295095076533495,0,0,0.237481275876955,0.175370788339905,"AchzivR253Fall2016","Achziv","Fall",25,2016-11-29,3,"2016","Achziv25","R"
"95",0.902708124373119,0,0,0,0,0,0,0.0694941968763433,0.0277976787505373,"AchzivR253Fall2017","Achziv","Fall",25,2017-11-09,3,"2017","Achziv25","R"
"96",0.661173853793017,0,0,0,0,0,0,0.174730972259206,0.164095173947777,"AchzivR253Fall2018","Achziv","Fall",25,2018-10-31,3,"2018","Achziv25","R"
"97",0.695302019511783,0.0510941635550325,0.00838468325005662,0,0,0.0103481850238041,0,0.07136962528322,0.163501323376104,"AchzivR253Fall2019","Achziv","Fall",25,2019-11-05,3,"2019","Achziv25","R"
"98",0.789268921800046,0,0.00969409122058935,0,0,0,0,0.120022081778725,0.0810149052006396,"AchzivR253Fall2020","Achziv","Fall",25,2020-10-19,3,"2020","Achziv25","R"
"99",0.0528811662409964,0,0.61962866243866,0,0,0,0,0.262354004648894,0.0651361666714495,"AchzivR253Fall2021","Achziv","Fall",25,2021-10-14,3,"2021","Achziv25","R"
"100",0.60040988502801,0,0.168137575400816,0,0,0,0,0.15749729024074,0.0739552493304343,"AchzivR253Fall2022","Achziv","Fall",25,2022-10-30,3,"2022","Achziv25","R"
"101",0.601730089805376,0,0,0,0.227745112027787,0,0,0.0738493220407563,0.096675476126081,"AchzivR253Spring2015","Achziv","Spring",25,2015-05-20,3,"2015","Achziv25","R"
"102",0.544654383288346,0,0,0,0.0298820560967023,0,0,0.20348257246802,0.221980988146931,"AchzivR253Spring2016","Achziv","Spring",25,2016-04-11,3,"2016","Achziv25","R"
"103",0.805351170568562,0,0,0,0,0,0,0.0648829431438127,0.129765886287625,"AchzivR253Spring2017","Achziv","Spring",25,2017-04-20,3,"2017","Achziv25","R"
"104",0.547748687685436,0.0474389488441851,0,0,0,0,0,0.144575844096564,0.260236519373815,"AchzivR253Spring2018","Achziv","Spring",25,2018-04-10,3,"2018","Achziv25","R"
"105",0.623492071679805,0,0.00504304614992212,0,0,0.0124480253067698,0,0.218531999829959,0.140484857033545,"AchzivR253Spring2019","Achziv","Spring",25,2019-05-01,3,"2019","Achziv25","R"
"106",0.639646107549671,0.0557964680146745,0.0778289194871358,0,0,0,0,0.0991937209149769,0.127534784033542,"AchzivR253Spring2020","Achziv","Spring",25,2020-05-11,3,"2020","Achziv25","R"
"107",0.362000183326569,0,0.0303278966004229,0,0.113729612251586,0.0187149994844382,0,0.369621239817654,0.10560606851933,"AchzivR253Spring2021","Achziv","Spring",25,2021-04-20,3,"2021","Achziv25","R"
"108",0.365969876138582,0,0.0468634692877128,0,0.0270366168967574,0,0,0.479792661755155,0.0803373759217933,"AchzivR253Spring2022","Achziv","Spring",25,2022-05-10,3,"2022","Achziv25","R"
"109",0.659321238037977,0.0529421855047051,0,0,0,0,0,0.215130150622294,0.0726064258350241,"AchzivR254Fall2015","Achziv","Fall",25,2015-11-18,4,"2015","Achziv25","R"
"110",0.67425297844305,0,0,0,0.0324578356868366,0.021364651338171,0,0.127255324042042,0.1446692104899,"AchzivR254Fall2016","Achziv","Fall",25,2016-11-29,4,"2016","Achziv25","R"
"111",0.765611089914791,0,0,0,0,0,0,0.0616812921276866,0.172707617957523,"AchzivR254Fall2017","Achziv","Fall",25,2017-11-09,4,"2017","Achziv25","R"
"112",0.670129507127551,0,0,0,0,0,0,0.248532563123078,0.0813379297493711,"AchzivR254Fall2018","Achziv","Fall",25,2018-10-31,4,"2018","Achziv25","R"
"113",0.857590422784465,0,0.0423946595369164,0,0,0.0130806307115486,0,0.0574094347895743,0.0295248521774953,"AchzivR254Fall2019","Achziv","Fall",25,2019-11-05,4,"2019","Achziv25","R"
"114",0.808489634748273,0,0.00518931312295004,0,0,0,0,0.128497277330191,0.0578237747985861,"AchzivR254Fall2020","Achziv","Fall",25,2020-10-19,4,"2020","Achziv25","R"
"115",0.0426520609582987,0,0.715304746855219,0,0,0,0,0.140722786154931,0.10132040603155,"AchzivR254Fall2021","Achziv","Fall",25,2021-10-14,4,"2021","Achziv25","R"
"116",0.565873718962937,0,0.139651919988945,0,0,0,0,0.148587980345381,0.145886380702737,"AchzivR254Fall2022","Achziv","Fall",25,2022-10-30,4,"2022","Achziv25","R"
"117",0.583368094480799,0,0,0,0.227598613030216,0,0,0.0410941940193446,0.14793909846964,"AchzivR254Spring2015","Achziv","Spring",25,2015-05-20,4,"2015","Achziv25","R"
"118",0.70511366214438,0,0,0,0,0,0,0.110032215617769,0.184854122237851,"AchzivR254Spring2016","Achziv","Spring",25,2016-04-11,4,"2016","Achziv25","R"
"119",0.617495073397588,0,0,0,0,0.0180521465098149,0,0.0792288652375212,0.285223914855076,"AchzivR254Spring2017","Achziv","Spring",25,2017-04-20,4,"2017","Achziv25","R"
"120",0.526332832495726,0,0,0,0,0,0,0.270128490751775,0.2035386767525,"AchzivR254Spring2018","Achziv","Spring",25,2018-04-10,4,"2018","Achziv25","R"
"121",0.595751014460965,0,0.00911839817005343,0,0,0,0,0.141118066917493,0.254012520451488,"AchzivR254Spring2019","Achziv","Spring",25,2019-05-01,4,"2019","Achziv25","R"
"122",0.641248844554229,0,0.0514484184629944,0,0,0.0126992931649163,0,0.151282849528091,0.14332059428977,"AchzivR254Spring2020","Achziv","Spring",25,2020-05-11,4,"2020","Achziv25","R"
"123",0.265699513879117,0,0.0881123174231601,0,0,0.0189123851376073,0,0.456523963460576,0.17075182009954,"AchzivR254Spring2021","Achziv","Spring",25,2021-04-20,4,"2021","Achziv25","R"
"124",0.356742880871786,0,0.0473217906934199,0,0.0295761191833874,0,0,0.500446715071286,0.0659124941801205,"AchzivR254Spring2022","Achziv","Spring",25,2022-05-10,4,"2022","Achziv25","R"
"125",0.0610650702052232,0.0822682195820368,0.266633409106909,0,0.0253132983329344,0.141626302065279,0,0.329072878328147,0.0940208223794706,"AchzivR451Fall2015","Achziv","Fall",45,2015-12-23,1,"2015","Achziv45","R"
"126",0.0172559269272343,0,0.175107836941596,0,0.0257511524914112,0.0932256912980201,0,0.66952996477669,0.0191294275650483,"AchzivR451Fall2016","Achziv","Fall",45,2016-12-06,1,"2016","Achziv45","R"
"127",0.0161604679694469,0.0979728370647717,0.405959242811977,0,0,0.0992129995592625,0,0.223937913290907,0.156756539303635,"AchzivR451Fall2017","Achziv","Fall",45,2017-11-15,1,"2017","Achziv45","R"
"128",0.0301899543449129,0.0610088660720114,0.705825650556193,0,0,0,0,0.147195994332472,0.0557795346944104,"AchzivR451Fall2018","Achziv","Fall",45,2018-11-21,1,"2018","Achziv45","R"
"129",0.179694342425884,0.145252926794257,0.313845640116137,0,0,0.0980610476248146,0,0.196744705075818,0.0664013379630887,"AchzivR451Fall2019","Achziv","Fall",45,2019-11-10,1,"2019","Achziv45","R"
"130",0.00975827194664692,0.118319047353094,0.391565257565111,0,0,0.135792324388361,0,0.110180700180659,0.234384398566129,"AchzivR451Fall2020","Achziv","Fall",45,2020-11-01,1,"2020","Achziv45","R"
"131",0.0939451528104807,0.32973512516047,0.285309273798523,0,0.110680321732186,0.0303553625003885,0,0.095161652282964,0.0548131117149873,"AchzivR451Fall2021","Achziv","Fall",45,2021-11-09,1,"2021","Achziv45","R"
"132",0.203005132514388,0.13305066117497,0.16648390423945,0.266101322349941,0,0.0336837116898659,0,0.15205789848568,0.0456173695457042,"AchzivR451Fall2022","Achziv","Fall",45,2022-10-31,1,"2022","Achziv45","R"
"133",0.25584457794776,0.0492399286923268,0.153527572538127,0,0,0.0299179313573631,0,0.443940944400661,0.0675290450637625,"AchzivR451Spring2015","Achziv","Spring",45,2015-06-17,1,"2015","Achziv45","R"
"134",0.0632713495235047,0.0451273595866173,0.336950951580076,0,0,0.0182794367945792,0,0.30944475145109,0.226926151064133,"AchzivR451Spring2016","Achziv","Spring",45,2016-05-26,1,"2016","Achziv45","R"
"135",0.260002597179747,0.0543539912207662,0.361244987805707,0,0,0,0,0.324398423793779,0,"AchzivR451Spring2017","Achziv","Spring",45,2017-05-04,1,"2017","Achziv45","R"
"136",0.188444352599218,0,0.464231167038073,0,0.0669564183227991,0.0330544343618881,0,0.172705047261188,0.0746085804168332,"AchzivR451Spring2018","Achziv","Spring",45,2018-05-17,1,"2018","Achziv45","R"
"137",0.115615517176076,0.0973498712333279,0.194899434510211,0,0.0838706582933287,0.173504580628514,0,0.210152102979883,0.12460783517866,"AchzivR451Spring2019","Achziv","Spring",45,2019-05-05,1,"2019","Achziv45","R"
"138",0.140734528072795,0.0426601538220659,0.189017296934692,0,0.0525048047040811,0.0691202492306891,0,0.33044690579632,0.175516061439357,"AchzivR451Spring2020","Achziv","Spring",45,2020-06-08,1,"2020","Achziv45","R"
"139",0.198374565512104,0,0.300734872454002,0,0.0704847357314068,0.0347962619433527,0,0.290889385558187,0.104720178800947,"AchzivR451Spring2021","Achziv","Spring",45,2021-05-18,1,"2021","Achziv45","R"
"140",0.215355997668211,0.225968492745611,0.0164808929181984,0.100430441220271,0.0618033484432439,0.0254254281570307,0,0.159413398762336,0.195122000085099,"AchzivR451Spring2022","Achziv","Spring",45,2022-05-19,1,"2022","Achziv45","R"
"141",0.0194629081190025,0.0393312934904842,0.267856193617246,0.157325173961937,0.024203872917221,0.199145789825236,0,0.274694748187509,0.0179800198813642,"AchzivR452Fall2015","Achziv","Fall",45,2015-12-23,2,"2015","Achziv45","R"
"142",0.0064756983464506,0.11777676367607,0.190053444290958,0,0,0.0874629131096556,0,0.508496503490336,0.0897346770865298,"AchzivR452Fall2016","Achziv","Fall",45,2016-12-06,2,"2016","Achziv45","R"
"143",0.0137712446722567,0,0.470388053061595,0,0,0.0338179932457949,0,0.431134681088586,0.0508880279317675,"AchzivR452Fall2017","Achziv","Fall",45,2017-11-15,2,"2017","Achziv45","R"
"144",0.00817362414402744,0,0.662734212006245,0.198210385492665,0,0,0,0.0629239319024335,0.0679578464546282,"AchzivR452Fall2018","Achziv","Fall",45,2018-11-21,2,"2018","Achziv45","R"
"145",0.168006518059337,0.260052642315251,0.241826730631618,0,0,0.0351125930552237,0,0.176120308023027,0.118881207915543,"AchzivR452Fall2019","Achziv","Fall",45,2019-11-10,2,"2019","Achziv45","R"
"146",0.00344371314573663,0.0835100437841133,0.445386900181938,0,0.0256953980874195,0.0761104196513438,0,0.174973425071476,0.190880100077973,"AchzivR452Fall2020","Achziv","Fall",45,2020-11-01,2,"2020","Achziv45","R"
"147",0.115356627923571,0.10172357189624,0.141891341311679,0,0.172147583209022,0.00515056060234128,0.203447143792481,0.190529864821529,0.0697533064431362,"AchzivR452Fall2021","Achziv","Fall",45,2021-11-09,2,"2021","Achziv45","R"
"148",0.253146888336049,0.0432310707193604,0.223471380949309,0,0,0.0612896192477008,0.172924282877442,0.186648432312159,0.05928832555798,"AchzivR452Fall2022","Achziv","Fall",45,2022-10-31,2,"2022","Achziv45","R"
"149",0.30171593123895,0.0903285349696857,0.122290939651267,0,0.0555867907505758,0.0182943868293034,0,0.349843849723862,0.0619395668363559,"AchzivR452Spring2015","Achziv","Spring",45,2015-06-17,2,"2015","Achziv45","R"
"150",0.0611517985344966,0,0.275561256865252,0,0,0.0706683479713617,0,0.393232900566833,0.199385696062056,"AchzivR452Spring2016","Achziv","Spring",45,2016-05-26,2,"2016","Achziv45","R"
"151",0.265795844559279,0,0.468556345325642,0,0,0,0,0.136413740329365,0.129234069785714,"AchzivR452Spring2017","Achziv","Spring",45,2017-05-04,2,"2017","Achziv45","R"
"152",0.293130357164162,0,0.437440686844979,0,0,0,0,0.170957459385063,0.0984714966057962,"AchzivR452Spring2018","Achziv","Spring",45,2018-05-17,2,"2018","Achziv45","R"
"153",0.15340337491051,0.0437650804891748,0.335756720060541,0,0.067330893060269,0.124093392779432,0,0.155609175072622,0.120041363627451,"AchzivR452Spring2019","Achziv","Spring",45,2019-05-05,2,"2019","Achziv45","R"
"154",0.395513761605047,0,0.17963467834771,0,0,0.0316715752963866,0,0.178718174886753,0.214461809864103,"AchzivR452Spring2020","Achziv","Spring",45,2020-06-08,2,"2020","Achziv45","R"
"155",0.0752795879635384,0.0829786367325367,0.279148644597662,0,0.102127552901584,0,0,0.194933940260562,0.265531637544117,"AchzivR452Spring2021","Achziv","Spring",45,2021-05-18,2,"2021","Achziv45","R"
"156",0.181662851469725,0.166587887954905,0.047081249245375,0.222117183939874,0.0683437489045766,0.0149952529242109,0.0740390613132913,0.115171873154009,0.110000891094033,"AchzivR452Spring2022","Achziv","Spring",45,2022-05-19,2,"2022","Achziv45","R"
"157",0.0146934610164006,0.0356316429647714,0.190035429145448,0,0.109635824506989,0.202062987952122,0,0.285053143718172,0.162887510696098,"AchzivR453Fall2015","Achziv","Fall",45,2015-12-23,3,"2015","Achziv45","R"
"158",0.0125508534030738,0.114134323134202,0.299675761254931,0,0,0.092463249121379,0,0.289864947642418,0.191310865443996,"AchzivR453Fall2016","Achziv","Fall",45,2016-12-06,3,"2016","Achziv45","R"
"159",0.0644901043367784,0.0601494242371876,0.582369810050309,0,0,0.0974572949665824,0,0.168036486757857,0.0274968796512858,"AchzivR453Fall2017","Achziv","Fall",45,2017-11-11,3,"2017","Achziv45","R"
"160",0.0456342548509999,0,0.726403728500019,0,0,0,0,0.171752204324575,0.0562098123244062,"AchzivR453Fall2018","Achziv","Fall",45,2018-11-21,3,"2018","Achziv45","R"
"161",0.0512116071971404,0.0955293441946657,0.38015780048749,0,0.0293936443675895,0.0870647187596954,0,0.181960655608887,0.174682229384532,"AchzivR453Fall2019","Achziv","Fall",45,2019-11-10,3,"2019","Achziv45","R"
"162",0.0211877816490528,0,0.518546508420202,0,0,0.114467660858427,0,0.228357202217569,0.11744084685475,"AchzivR453Fall2020","Achziv","Fall",45,2020-11-01,3,"2020","Achziv45","R"
"163",0.253699472805119,0.0404750803652904,0.199261934106045,0,0.199261934106045,0.0163949692618898,0,0.179889246067957,0.111017363287654,"AchzivR453Fall2021","Achziv","Fall",45,2021-11-09,3,"2021","Achziv45","R"
"164",0.318190588440676,0.0494623190364512,0.150162527536303,0,0,0.0601061092088521,0,0.376855764087248,0.0452226916904697,"AchzivR453Fall2022","Achziv","Fall",45,2022-10-31,3,"2022","Achziv45","R"
"165",0.0923616195471875,0.044795385480386,0.22420664732747,0,0.165398346389117,0.00907248313526804,0,0.443687627615251,0.0204778905053193,"AchzivR453Spring2015","Achziv","Spring",45,2015-07-06,3,"2015","Achziv45","R"
"166",0.224507548022319,0.0938673799920902,0.281120768796824,0,0.028882270766797,0.0855500172079809,0,0.286072015213989,0,"AchzivR453Spring2016","Achziv","Spring",45,2016-05-26,3,"2016","Achziv45","R"
"167",0.18562472874572,0,0.381133240102233,0,0.0294690649563582,0,0,0.206751217630323,0.197021748565366,"AchzivR453Spring2017","Achziv","Spring",45,2017-05-04,3,"2017","Achziv45","R"
"168",0.169919597670227,0,0.388810894771566,0,0,0,0,0.409874839036279,0.0313946685219277,"AchzivR453Spring2018","Achziv","Spring",45,2018-05-17,3,"2018","Achziv45","R"
"169",0.121871498909237,0.0959540210567855,0.242493033727097,0,0.0826680796796921,0.202110748149989,0,0.158400288728662,0.0965023297485385,"AchzivR453Spring2019","Achziv","Spring",45,2019-05-05,3,"2019","Achziv45","R"
"170",0.296950429831345,0,0.0690251418491264,0.269198053211593,0,0.0272605623505411,0,0.106824624290315,0.23074118846708,"AchzivR453Spring2020","Achziv","Spring",45,2020-06-08,3,"2020","Achziv45","R"
"171",0.165056509255027,0.0870134858572696,0.232035962286052,0,0.133866901318876,0.0881149223871085,0,0.154690641524035,0.139221577371631,"AchzivR453Spring2021","Achziv","Spring",45,2021-05-18,3,"2021","Achziv45","R"
"172",0.306070159309142,0.182513148276558,0.0199672504097431,0,0,0.0862509392699345,0.121675432184372,0.158371197446325,0.125151873103925,"AchzivR453Spring2022","Achziv","Spring",45,2022-05-19,3,"2022","Achziv45","R"
"173",0.0572271948758306,0,0.320252186708975,0,0.186813775580235,0.140532605138116,0,0.176223425490653,0.118950812206191,"AchzivR454Fall2015","Achziv","Fall",45,2015-12-23,4,"2015","Achziv45","R"
"174",0.015901914887105,0.0771242872024593,0.281602525580262,0.154248574404919,0.023730549908449,0.0546703808017433,0,0.357464950208224,0.0352568170068386,"AchzivR454Fall2016","Achziv","Fall",45,2016-12-06,4,"2016","Achziv45","R"
"175",0.0239873853884166,0.0484745079724252,0.532971000476306,0.193898031889701,0,0,0,0.178509299200042,0.0221597750731087,"AchzivR454Fall2017","Achziv","Fall",45,2017-11-15,4,"2017","Achziv45","R"
"176",0.0336480605450679,0,0.68385677336357,0,0,0.0708252124312098,0,0.185026183269364,0.0266437703907884,"AchzivR454Fall2018","Achziv","Fall",45,2018-11-21,4,"2018","Achziv45","R"
"177",0.0699159266277243,0.127159591554174,0.396477085461218,0,0,0.145938434188756,0,0.0861186651795462,0.174390296988581,"AchzivR454Fall2019","Achziv","Fall",45,2019-11-10,4,"2019","Achziv45","R"
"178",0.0124750679040759,0.0504200661123069,0.554362162793775,0,0,0.0408466358378183,0,0.134453509632818,0.207442557719206,"AchzivR454Fall2020","Achziv","Fall",45,2020-11-01,4,"2020","Achziv45","R"
"179",0.0988463519034148,0.22472100315542,0.102949109137867,0,0.126765694087673,0.0341348359223422,0.22472100315542,0.0594500008347671,0.128412001803097,"AchzivR454Fall2021","Achziv","Fall",45,2021-11-09,4,"2021","Achziv45","R"
"180",0.129016118119631,0.0680139318348054,0.203693006110391,0.272055727339221,0,0.0344374338404078,0,0.168415450257613,0.12436833249793,"AchzivR454Fall2022","Achziv","Fall",45,2022-10-31,4,"2022","Achziv45","R"
"181",0.065266678670354,0,0.239223075936142,0,0.281941482353311,0.00843553341908639,0,0.386093025618026,0.0190402040030807,"AchzivR454Spring2015","Achziv","Spring",45,2015-07-06,4,"2015","Achziv45","R"
"182",0.072885331616043,0,0.524642468483263,0,0,0.0631709054363917,0,0.244244122474303,0.095057171989999,"AchzivR454Spring2016","Achziv","Spring",45,2016-05-26,4,"2016","Achziv45","R"
"183",0.479054282313871,0,0.291794445114258,0,0.0364743056392822,0,0,0.165581768457694,0.0270951984748953,"AchzivR454Spring2017","Achziv","Spring",45,2017-05-04,4,"2017","Achziv45","R"
"184",0.190360312272346,0.104914490286463,0.335726368916682,0,0,0.0106242521809077,0,0.16653093696264,0.191843639380961,"AchzivR454Spring2018","Achziv","Spring",45,2018-05-17,4,"2018","Achziv45","R"
"185",0.0935393277823597,0.03979524032846,0.31836192262768,0,0.085712825322837,0.173285603455573,0.0795904806569201,0.164234325165073,0.0454802746610972,"AchzivR454Spring2019","Achziv","Spring",45,2019-05-05,4,"2019","Achziv45","R"
"186",0.398474351274116,0.194818609241881,0.115092839921357,0,0.0719330249508484,0,0,0.0593732904356209,0.160307884176176,"AchzivR454Spring2020","Achziv","Spring",45,2020-06-08,4,"2020","Achziv45","R"
"187",0.0915987758034806,0.263045168672495,0.141489822921274,0.116908963854442,0.03597198887829,0.0355166472469192,0,0.115053266015483,0.200415366607616,"AchzivR454Spring2021","Achziv","Spring",45,2021-05-18,4,"2021","Achziv45","R"
"188",0.368831863964262,0.235372965819299,0.0289689804085291,0,0,0.0178764277837442,0,0.160651389368728,0.188298372655439,"AchzivR454Spring2022","Achziv","Spring",45,2022-05-19,4,"2022","Achziv45","R"
"189",0.861188021478214,0,0,0,0.0760448230162829,0,0,0.0627671555055033,0,"SdotYamN101Fall2015","SdotYam","Fall",10,2015-11-16,1,"2015","SdotYam10","N"
"190",0.966724578662565,0,0.010018406424174,0,0,0,0,0.0232570149132611,0,"SdotYamN101Fall2016","SdotYam","Fall",10,2016-10-25,1,"2016","SdotYam10","N"
"191",0.777062744196736,0,0,0,0,0,0,0.222937255803264,0,"SdotYamN101Fall2017","SdotYam","Fall",10,2017-11-08,1,"2017","SdotYam10","N"
"192",0.947391775958978,0,0,0,0,0,0,0.0239128291095553,0.0286953949314663,"SdotYamN101Fall2018","SdotYam","Fall",10,2018-10-16,1,"2018","SdotYam10","N"
"193",0.0875164418804853,0,0.600766713339577,0,0.195902189132471,0.0214913793984989,0,0.0943232762489675,0,"SdotYamN101Fall2019","SdotYam","Fall",10,2019-11-04,1,"2019","SdotYam10","N"
"194",0.739644682811485,0,0.113207943562468,0,0.0771872342471372,0.0381050903245361,0,0.0318550490543741,0,"SdotYamN101Fall2020","SdotYam","Fall",10,2020-10-13,1,"2020","SdotYam10","N"
"195",0.849426262018409,0,0.0557189162575051,0,0,0,0,0.0431158280564027,0.0517389936676833,"SdotYamN101Fall2021","SdotYam","Fall",10,2021-10-12,1,"2021","SdotYam10","N"
"196",0.478245781460114,0,0.0589077343512775,0,0,0,0,0.462846484188609,0,"SdotYamN101Fall2022","SdotYam","Fall",10,2022-10-25,1,"2022","SdotYam10","N"
"197",0.952971977116261,0,0,0,0,0,0,0.047028022883739,0,"SdotYamN101Spring2015","SdotYam","Spring",10,2015-05-11,1,"2015","SdotYam10","N"
"198",0.816113744075829,0,0,0,0,0,0,0.183886255924171,0,"SdotYamN101Spring2016","SdotYam","Spring",10,2016-05-16,1,"2016","SdotYam10","N"
"199",0.897551540959994,0,0.00490631160738909,0,0.0367973370554182,0,0,0.0607448103771983,0,"SdotYamN101Spring2017","SdotYam","Spring",10,2017-05-05,1,"2017","SdotYam10","N"
"200",0.935766561459937,0,0.0100104060062436,0,0,0,0,0.0542230325338195,0,"SdotYamN101Spring2018","SdotYam","Spring",10,2018-05-11,1,"2018","SdotYam10","N"
"201",0.841730882093617,0,0.0167482862693499,0,0,0.0551209421522909,0,0.0863998894847417,0,"SdotYamN101Spring2019","SdotYam","Spring",10,2019-05-02,1,"2019","SdotYam10","N"
"202",0.932823485950967,0,0.0447248084706797,0,0,0.013799584892061,0,0.0086521206862922,0,"SdotYamN101Spring2020","SdotYam","Spring",10,2020-05-04,1,"2020","SdotYam10","N"
"203",0.263340979898334,0,0.105578266567736,0,0.0586545925376313,0.0193040431136508,0,0.465978151826738,0.0871439660559094,"SdotYamN101Spring2021","SdotYam","Spring",10,2021-04-18,1,"2021","SdotYam10","N"
"204",0.671862677562925,0,0.125933680625321,0,0,0.05977864586645,0,0.142424995945304,0,"SdotYamN101Spring2022","SdotYam","Spring",10,2022-05-03,1,"2022","SdotYam10","N"
"205",0.939888452799008,0,0.0058441782000964,0,0,0,0,0.0542673690008951,0,"SdotYamN102Fall2015","SdotYam","Fall",10,2015-11-16,2,"2015","SdotYam10","N"
"206",0.964828133821079,0,0.00623298894309988,0,0,0,0,0.0289388772358209,0,"SdotYamN102Fall2016","SdotYam","Fall",10,2016-10-25,2,"2016","SdotYam10","N"
"207",0.641978590489433,0,0.00925632453028243,0,0.0694224339771182,0,0,0.279342651003166,0,"SdotYamN102Fall2017","SdotYam","Fall",10,2017-11-08,2,"2017","SdotYam10","N"
"208",0.921570212851974,0,0.0274504255018091,0,0,0,0,0.050979361646217,0,"SdotYamN102Fall2018","SdotYam","Fall",10,2018-10-16,2,"2018","SdotYam10","N"
"209",0.427131702088631,0,0.527513316956145,0,0,0,0,0.0453549809552241,0,"SdotYamN102Fall2019","SdotYam","Fall",10,2019-11-04,2,"2019","SdotYam10","N"
"210",0.665695810612373,0,0.303078196956768,0,0,0.0138537853742545,0,0.0173722070566048,0,"SdotYamN102Fall2020","SdotYam","Fall",10,2020-10-13,2,"2020","SdotYam10","N"
"211",0.844264589990877,0,0.0824476101095385,0,0,0.0254387404610127,0,0.0478490594385715,0,"SdotYamN102Fall2021","SdotYam","Fall",10,2021-10-12,2,"2021","SdotYam10","N"
"212",0.435706138597193,0,0.0348325511900503,0,0,0.00955323133904333,0,0.455219055235049,0.0646890236386648,"SdotYamN102Fall2022","SdotYam","Fall",10,2022-10-25,2,"2022","SdotYam10","N"
"213",0.829344678056595,0,0.0166125831226618,0,0,0.0683429052514567,0,0.085699833569287,0,"SdotYamN102Spring2015","SdotYam","Spring",10,2015-05-11,2,"2015","SdotYam10","N"
"214",0.735267712859554,0,0.00471933618841202,0,0,0,0,0.233719506473738,0.0262934444782956,"SdotYamN102Spring2016","SdotYam","Spring",10,2016-05-16,2,"2016","SdotYam10","N"
"215",0.770868541094527,0,0.00453796076383973,0,0.136138822915192,0.0112012955563132,0,0.0772533796701287,0,"SdotYamN102Spring2017","SdotYam","Spring",10,2017-05-05,2,"2017","SdotYam10","N"
"216",0.657629918894563,0,0,0,0,0,0,0.342370081105437,0,"SdotYamN102Spring2018","SdotYam","Spring",10,2018-04-11,2,"2018","SdotYam10","N"
"217",0.854719974114762,0,0.00509183709437322,0,0,0.0251369173013361,0,0.0866824648208774,0.0283688066686508,"SdotYamN102Spring2019","SdotYam","Spring",10,2019-06-02,2,"2019","SdotYam10","N"
"218",0.423234964919773,0,0.255190623758931,0,0,0.0944851360120092,0.207342381804131,0.0197468935051554,0,"SdotYamN102Spring2020","SdotYam","Spring",10,2020-05-04,2,"2020","SdotYam10","N"
"219",0.247566885529478,0.0375218560880615,0.14469967065755,0,0,0.0379968162917079,0.150087424352246,0.26205740759916,0.120069939481797,"SdotYamN102Spring2021","SdotYam","Spring",10,2021-04-18,2,"2021","SdotYam10","N"
"220",0.53797957403847,0.0501769410401265,0.168800376011913,0,0,0.111786602823573,0,0.108318475896146,0.0229380301897721,"SdotYamN102Spring2022","SdotYam","Spring",10,2022-05-03,2,"2022","SdotYam10","N"
"221",0.864288870175087,0.0646882873510674,0.00530775691085682,0,0,0,0,0.0657150855629891,0,"SdotYamN103Fall2015","SdotYam","Fall",10,2015-11-16,3,"2015","SdotYam10","N"
"222",0.975768173869598,0,0,0,0,0,0,0.0242318261304022,0,"SdotYamN103Fall2016","SdotYam","Fall",10,2016-10-25,3,"2016","SdotYam10","N"
"223",0.924630924630925,0,0,0,0,0,0,0.0753690753690754,0,"SdotYamN103Fall2017","SdotYam","Fall",10,2017-11-08,3,"2017","SdotYam10","N"
"224",0.796839299314547,0,0.110814927646611,0,0,0,0,0.0923457730388423,0,"SdotYamN103Fall2018","SdotYam","Fall",10,2018-10-16,3,"2018","SdotYam10","N"
"225",0.275499163529464,0.0759188035862444,0.60423581110693,0,0,0,0,0.00964048299507865,0.0347057387822831,"SdotYamN103Fall2019","SdotYam","Fall",10,2019-11-04,3,"2019","SdotYam10","N"
"226",0.423216055962392,0,0.53738729697033,0,0,0.013674869229964,0,0.0257217778373133,0,"SdotYamN103Fall2020","SdotYam","Fall",10,2020-10-13,3,"2020","SdotYam10","N"
"227",0.791194226991268,0,0.0238526309302729,0,0.0447236829942616,0.014719186808238,0,0.0922869649087939,0.0332233073671658,"SdotYamN103Fall2021","SdotYam","Fall",10,2021-10-12,3,"2021","SdotYam10","N"
"228",0.370156065174297,0.0754309628611486,0.0309460360455994,0,0,0,0.150861925722297,0.320880921377585,0.0517240888190734,"SdotYamN103Fall2022","SdotYam","Fall",10,2022-10-25,3,"2022","SdotYam10","N"
"229",0.963156395404045,0,0,0,0,0,0,0.0368436045959548,0,"SdotYamN103Spring2015","SdotYam","Spring",10,2015-05-11,3,"2015","SdotYam10","N"
"230",0.861916291165064,0,0.0202957682277072,0,0,0,0,0.117787940607229,0,"SdotYamN103Spring2016","SdotYam","Spring",10,2016-05-16,3,"2016","SdotYam10","N"
"231",0.925684939039143,0,0.00497804236101438,0,0,0,0,0.0693370185998431,0,"SdotYamN103Spring2017","SdotYam","Spring",10,2017-05-05,3,"2017","SdotYam10","N"
"232",0.88162069807176,0,0,0,0,0,0,0.11837930192824,0,"SdotYamN103Spring2018","SdotYam","Spring",10,2018-04-11,3,"2018","SdotYam10","N"
"233",0.750959500017642,0,0.0192802174363504,0,0.036150407693157,0.107078422787326,0,0.0596768634934655,0.0268545885720595,"SdotYamN103Spring2019","SdotYam","Spring",10,2019-05-02,3,"2019","SdotYam10","N"
"234",0.494311081086592,0.114162321108094,0.327850768310424,0,0,0.0346822241341045,0,0.0289936053607858,0,"SdotYamN103Spring2020","SdotYam","Spring",10,2020-05-04,3,"2020","SdotYam10","N"
"235",0.205729807997209,0,0.0601984656884744,0,0,0.0198121532645612,0,0.714259573049756,0,"SdotYamN103Spring2021","SdotYam","Spring",10,2021-04-18,3,"2021","SdotYam10","N"
"236",0.697202860993807,0.0559840045665557,0.0872776276319638,0,0.0344516951178804,0.0113385325704417,0,0.113745279119351,0,"SdotYamN103Spring2022","SdotYam","Spring",10,2022-05-03,3,"2022","SdotYam10","N"
"237",0.672638815239487,0.169911367391225,0.00929429701969092,0,0,0,0,0.122264264366172,0.0258912559834247,"SdotYamN104Fall2015","SdotYam","Fall",10,2015-11-16,4,"2015","SdotYam10","N"
"238",0.910830686946348,0,0,0,0,0,0,0.089169313053652,0,"SdotYamN104Fall2017","SdotYam","Fall",10,2017-11-08,4,"2017","SdotYam10","N"
"239",0.837409573631749,0,0.0958981485538811,0,0,0.0295888274810234,0,0.0371034503333469,0,"SdotYamN104Fall2018","SdotYam","Fall",10,2018-10-16,4,"2018","SdotYam10","N"
"240",0.258228887737069,0,0.28823447081496,0,0.375958005410818,0,0,0.0775786360371528,0,"SdotYamN104Fall2019","SdotYam","Fall",10,2019-11-04,4,"2019","SdotYam10","N"
"241",0.580045825535079,0,0.363341145795763,0,0.040074391080415,0,0,0.0165386375887427,0,"SdotYamN104Fall2020","SdotYam","Fall",10,2020-10-13,4,"2020","SdotYam10","N"
"242",0.899548107700998,0,0.0464901319730919,0,0,0,0,0.0539617603259102,0,"SdotYamN104Fall2021","SdotYam","Fall",10,2021-10-12,4,"2021","SdotYam10","N"
"243",0.780113688667955,0,0.09896744300224,0,0,0,0,0.120918868329805,0,"SdotYamN104Fall2022","SdotYam","Fall",10,2022-10-25,4,"2022","SdotYam10","N"
"244",0.828302623011942,0,0.00947189560060812,0,0.106558825506841,0.0116899977349277,0,0.0439766581456806,0,"SdotYamN104Spring2015","SdotYam","Spring",10,2015-05-11,4,"2015","SdotYam10","N"
"245",0.871588274905017,0,0.0145327138230832,0,0,0.023914592367099,0,0.0899644189048009,0,"SdotYamN104Spring2016","SdotYam","Spring",10,2016-05-16,4,"2016","SdotYam10","N"
"246",0.631220619772317,0,0.00916764366354703,0,0.0687573274766027,0,0,0.290854409087534,0,"SdotYamN104Spring2018","SdotYam","Spring",10,2018-04-11,4,"2018","SdotYam10","N"
"247",0.924874682805781,0,0.0211524536945855,0,0,0.0130529381976081,0,0.0409199253020255,0,"SdotYamN104Spring2019","SdotYam","Spring",10,2019-05-02,4,"2019","SdotYam10","N"
"248",0.406148758628958,0,0.291593980554124,0,0,0.030846741161693,0.203074379314479,0.045127639847662,0.0232085004930833,"SdotYamN104Spring2020","SdotYam","Spring",10,2020-05-04,4,"2020","SdotYam10","N"
"249",0.215841400400339,0,0.0703440673630104,0,0,0.0365545453318775,0,0.636005571458797,0.0412544154459761,"SdotYamN104Spring2021","SdotYam","Spring",10,2021-04-18,4,"2021","SdotYam10","N"
"250",0.712680291145081,0,0.181921021687034,0,0,0,0,0.0794099697840227,0.025988717383862,"SdotYamN104Spring2022","SdotYam","Spring",10,2022-05-03,4,"2022","SdotYam10","N"
"251",0.35670693814594,0,0,0,0.0324583236399213,0,0,0.56261094309197,0.0482237951221689,"SdotYamN251Fall2015","SdotYam","Fall",25,2015-11-16,1,"2015","SdotYam25","N"
"252",0.505867545069409,0,0,0,0,0.0718661079824519,0,0.399093193761961,0.0231731531861784,"SdotYamN251Fall2016","SdotYam","Fall",25,2016-10-25,1,"2016","SdotYam25","N"
"253",0.652395179365337,0.0538115071415287,0,0,0,0.0108985330919552,0,0.184496595913813,0.0983981844873667,"SdotYamN251Fall2017","SdotYam","Fall",25,2017-11-08,1,"2017","SdotYam25","N"
"254",0.603580003239729,0.0585472603142537,0,0,0.03602908327031,0,0,0.275079191317763,0.0267644618579445,"SdotYamN251Fall2018","SdotYam","Fall",25,2018-10-16,1,"2018","SdotYam25","N"
"255",0.251378510135321,0.0342467914088851,0.1208297050734,0,0,0.0208081770585631,0.410961496906621,0.130463967271943,0.0313113521452664,"SdotYamN251Fall2019","SdotYam","Fall",25,2019-11-04,1,"2019","SdotYam25","N"
"256",0.366547542444997,0.0808070718571925,0.0497274288351954,0,0.174046000923184,0,0.161614143714385,0.148787624371974,0.0184701878530726,"SdotYamN251Fall2020","SdotYam","Fall",25,2020-10-13,1,"2020","SdotYam25","N"
"257",0.116271113312997,0.213604128624256,0.329498060975262,0,0,0.0173046382682941,0,0.30379253848783,0.0195295203313605,"SdotYamN251Fall2021","SdotYam","Fall",25,2021-10-31,1,"2021","SdotYam25","N"
"258",0.307870896813321,0,0.119113583439456,0,0.0319054241355685,0.0210010386715135,0,0.520109056940141,0,"SdotYamN251Fall2022","SdotYam","Fall",25,2022-10-26,1,"2022","SdotYam25","N"
"259",0.976744186046512,0,0,0,0,0,0,0.0232558139534884,0,"SdotYamN251Spring2015","SdotYam","Spring",25,2015-05-28,1,"2015","SdotYam25","N"
"260",0.651844237697615,0.0516575907325724,0,0,0,0,0,0.249268374328603,0.0472297972412091,"SdotYamN251Spring2016","SdotYam","Spring",25,2016-05-16,1,"2016","SdotYam25","N"
"261",0.863137950495848,0,0,0,0.0351930984439249,0,0,0.101668951060227,0,"SdotYamN251Spring2017","SdotYam","Spring",25,2017-05-05,1,"2017","SdotYam25","N"
"262",0.49897252669971,0,0,0,0,0.189204586166662,0,0.169468960398711,0.142353926734917,"SdotYamN251Spring2018","SdotYam","Spring",25,2018-04-11,1,"2018","SdotYam25","N"
"263",0.22149670214441,0.116767283195695,0,0,0,0.48874744696257,0,0.172988567697325,0,"SdotYamN251Spring2019","SdotYam","Spring",25,2019-05-02,1,"2019","SdotYam25","N"
"264",0.167657060828686,0.44722520976052,0.203492682856069,0,0,0.0329371846083697,0,0.0929299137164718,0.0557579482298831,"SdotYamN251Spring2020","SdotYam","Spring",25,2020-05-04,1,"2020","SdotYam25","N"
"265",0.279188467673234,0.0890831623825778,0.113295509081432,0,0,0.0721686378795567,0.178166324765156,0.186650435468258,0.0814474627497855,"SdotYamN251Spring2021","SdotYam","Spring",25,2021-04-18,1,"2021","SdotYam25","N"
"266",0.58142248720907,0.2191631396086,0.00599420552775658,0,0,0,0.146108759739067,0.0139151199751492,0.0333962879403581,"SdotYamN251Spring2022","SdotYam","Spring",25,2022-05-29,1,"2022","SdotYam25","N"
"267",0.345565246009544,0.0985877319497817,0,0,0,0,0,0.488244005846538,0.067603016194136,"SdotYamN252Fall2015","SdotYam","Fall",25,2015-11-16,2,"2015","SdotYam25","N"
"268",0.493488811121369,0,0,0,0,0.0103577658073727,0,0.402637594638979,0.093515828432279,"SdotYamN252Fall2016","SdotYam","Fall",25,2016-10-25,2,"2016","SdotYam25","N"
"269",0.76218632823767,0,0,0,0,0,0,0.209835592731468,0.0279780790308624,"SdotYamN252Fall2017","SdotYam","Fall",25,2017-11-08,2,"2017","SdotYam25","N"
"270",0.70323204544375,0,0,0,0.0372141344288291,0,0,0.176619463400316,0.0829343567271049,"SdotYamN252Fall2018","SdotYam","Fall",25,2018-10-16,2,"2018","SdotYam25","N"
"271",0.547088520444639,0,0.161813846518206,0,0,0.0968276181696977,0,0.166950794026721,0.0273192208407361,"SdotYamN252Fall2019","SdotYam","Fall",25,2019-11-04,2,"2019","SdotYam25","N"
"272",0.267253784170638,0.50337120513693,0.054209206707054,0,0.019360430966805,0,0,0.155805373018573,0,"SdotYamN252Fall2020","SdotYam","Fall",25,2020-10-13,2,"2020","SdotYam25","N"
"273",0.331510370439693,0.126933576049935,0.22565969075544,0,0,0.00856935534514328,0,0.171931192956526,0.135395814453264,"SdotYamN252Fall2021","SdotYam","Fall",25,2021-10-31,2,"2021","SdotYam25","N"
"274",0.453688032316636,0,0.170903841299859,0,0,0.0973502893480209,0,0.278057837035485,0,"SdotYamN252Fall2022","SdotYam","Fall",25,2022-10-26,2,"2022","SdotYam25","N"
"275",0.625552322497976,0,0.00454265957569183,0,0.0340699468176887,0.0672773633361955,0,0.217939501071882,0.0506182067005661,"SdotYamN252Spring2015","SdotYam","Spring",25,2015-05-28,2,"2015","SdotYam25","N"
"276",0.860300000531862,0,0,0,0,0.0116078870568355,0,0.101891453054445,0.0262006593568573,"SdotYamN252Spring2016","SdotYam","Spring",25,2016-05-16,2,"2016","SdotYam25","N"
"277",0.778164462563389,0,0,0,0.0337575817838322,0,0,0.188077955652779,0,"SdotYamN252Spring2017","SdotYam","Spring",25,2017-05-05,2,"2017","SdotYam25","N"
"278",0.561262896418773,0,0,0,0,0.155446371807236,0,0.142944864656601,0.14034586711739,"SdotYamN252Spring2018","SdotYam","Spring",25,2018-05-11,2,"2018","SdotYam25","N"
"279",0.177786413426274,0.106016078498045,0,0,0,0.565419085322906,0,0.134623591743549,0.0161548310092259,"SdotYamN252Spring2019","SdotYam","Spring",25,2019-05-02,2,"2019","SdotYam25","N"
"280",0.194345694530552,0.392740257697156,0.238463828263299,0,0,0.0318169322691367,0,0.124679446887986,0.01795384035187,"SdotYamN252Spring2020","SdotYam","Spring",25,2020-05-04,2,"2020","SdotYam25","N"
"281",0.460165988021683,0.0858386554578909,0.0352158586493911,0,0,0.104310264860222,0.171677310915782,0.10355139388571,0.0392405282093215,"SdotYamN252Spring2021","SdotYam","Spring",25,2021-04-18,2,"2021","SdotYam25","N"
"282",0.697097280256882,0.218971619769811,0.00359338042699176,0,0.0269503532024382,0,0,0.0333671039649235,0.0200202623789541,"SdotYamN252Spring2022","SdotYam","Spring",25,2022-05-29,2,"2022","SdotYam25","N"
"283",0.416376688301536,0,0,0,0,0.0106509859612998,0,0.500849935084933,0.0721223906522304,"SdotYamN253Fall2015","SdotYam","Fall",25,2015-11-16,3,"2015","SdotYam25","N"
"284",0.522400022900982,0,0,0,0,0.0388744167406177,0,0.3290441702688,0.1096813900896,"SdotYamN253Fall2016","SdotYam","Fall",25,2016-10-25,3,"2016","SdotYam25","N"
"285",0.649052501784671,0,0,0,0,0,0,0.322619897462522,0.0283276007528068,"SdotYamN253Fall2017","SdotYam","Fall",25,2017-11-08,3,"2017","SdotYam25","N"
"286",0.464124841729624,0,0,0,0.0989452959291726,0,0,0.38792838245247,0.0490014798887331,"SdotYamN253Fall2018","SdotYam","Fall",25,2018-10-16,3,"2018","SdotYam25","N"
"287",0.567963167196618,0.0620410216419729,0.152716360964856,0,0,0.0502610808238768,0,0.11029514958573,0.0567232197869466,"SdotYamN253Fall2019","SdotYam","Fall",25,2019-11-04,3,"2019","SdotYam25","N"
"288",0.175530858250027,0.254126764929144,0.0677671373144383,0,0.0390964253737144,0,0.127063382464572,0.278329313970015,0.05808611769809,"SdotYamN253Fall2020","SdotYam","Fall",25,2020-10-13,3,"2020","SdotYam25","N"
"289",0.186875314678827,0.198759928989542,0.247889306309008,0,0,0,0,0.348303113657864,0.0181723363647581,"SdotYamN253Fall2021","SdotYam","Fall",25,2021-10-31,3,"2021","SdotYam25","N"
"290",0.466128310208013,0.0991544870398625,0.166782932046538,0,0,0.0803276857031797,0,0.119614936746501,0.0679916482559057,"SdotYamN253Fall2022","SdotYam","Fall",25,2022-10-26,3,"2022","SdotYam25","N"
"291",0.749404640241091,0,0,0,0.0363098152364565,0,0,0.187312538918228,0.0269730056042248,"SdotYamN253Spring2015","SdotYam","Spring",25,2015-05-28,3,"2015","SdotYam25","N"
"292",0.401418363521155,0,0,0,0,0.0861345044497894,0,0.426039184707997,0.0864079473210586,"SdotYamN253Spring2016","SdotYam","Spring",25,2016-05-16,3,"2016","SdotYam25","N"
"293",0.8611132769583,0,0,0,0.0360967968301448,0,0,0.0223456361329468,0.0804442900786084,"SdotYamN253Spring2017","SdotYam","Spring",25,2017-05-05,3,"2017","SdotYam25","N"
"294",0.34055779388886,0,0,0,0,0.32028758854293,0,0.278910047342278,0.0602445702259321,"SdotYamN253Spring2018","SdotYam","Spring",25,2018-04-11,3,"2018","SdotYam25","N"
"295",0.194436164916626,0.0306173831118713,0,0.244939064894971,0,0.341054394157554,0,0.104973884954987,0.08397910796399,"SdotYamN253Spring2019","SdotYam","Spring",25,2019-05-02,3,"2019","SdotYam25","N"
"296",0.234647277130586,0.189673215680557,0.32682154086496,0,0,0.134451899722926,0,0.114406066600971,0,"SdotYamN253Spring2020","SdotYam","Spring",25,2020-05-04,3,"2020","SdotYam25","N"
"297",0.0755521068584209,0.261734084473815,0.158382676758514,0,0,0.139149766429117,0.130867042236908,0.17448938964921,0.0598249335940149,"SdotYamN253Spring2021","SdotYam","Spring",25,2021-04-18,3,"2021","SdotYam25","N"
"298",0.626687373675083,0.119977648512795,0.0131257598372973,0,0,0,0.159970198017061,0.025392094923343,0.0548469250344208,"SdotYamN253Spring2022","SdotYam","Spring",25,2022-05-29,3,"2022","SdotYam25","N"
"299",0.294740232847085,0,0,0,0,0,0,0.624913717730431,0.080346049422484,"SdotYamN254Fall2015","SdotYam","Fall",25,2015-11-16,4,"2015","SdotYam25","N"
"300",0.546139569000967,0,0,0,0.0308715257535512,0,0,0.331256371577787,0.0917325336676949,"SdotYamN254Fall2016","SdotYam","Fall",25,2016-10-25,4,"2016","SdotYam25","N"
"301",0.591118517792373,0,0,0,0,0,0,0.359978713571499,0.0489027686361281,"SdotYamN254Fall2017","SdotYam","Fall",25,2017-11-08,4,"2017","SdotYam25","N"
"302",0.591654852875073,0,0,0,0.0377320977836174,0,0,0.342583490987765,0.0280295583535444,"SdotYamN254Fall2018","SdotYam","Fall",25,2018-10-16,4,"2018","SdotYam25","N"
"303",0.418805833593521,0.0470187104844578,0.115738364269435,0,0.20254213747151,0.0761822144558303,0,0.0537356691250946,0.0859770706001514,"SdotYamN254Fall2019","SdotYam","Fall",25,2019-11-04,4,"2019","SdotYam25","N"
"304",0.16469222972969,0.325075651123429,0.175278885880472,0,0,0,0,0.271264942434063,0.0636882908323453,"SdotYamN254Fall2020","SdotYam","Fall",25,2020-10-13,4,"2020","SdotYam25","N"
"305",0.054568197654407,0.370518062073424,0.186751960957154,0,0,0,0.10586230344955,0.221806731037152,0.0604927448283141,"SdotYamN254Fall2021","SdotYam","Fall",25,2021-10-31,4,"2021","SdotYam25","N"
"306",0.409505118813985,0,0.212190152376905,0,0,0,0,0.236440455505694,0.141864273303416,"SdotYamN254Fall2022","SdotYam","Fall",25,2022-10-26,4,"2022","SdotYam25","N"
"307",0.637184789389359,0.0473979482904661,0,0,0.145839840893742,0.0479979223194594,0,0.0782442320985473,0.0433352670084262,"SdotYamN254Spring2015","SdotYam","Spring",25,2015-05-28,4,"2015","SdotYam25","N"
"308",0.868474576271187,0,0,0,0,0,0,0.131525423728814,0,"SdotYamN254Spring2016","SdotYam","Spring",25,2016-05-16,4,"2016","SdotYam25","N"
"309",0.702879488718619,0,0,0,0.0299689276508598,0,0,0.222626319692101,0.0445252639384202,"SdotYamN254Spring2017","SdotYam","Spring",25,2017-05-05,4,"2017","SdotYam25","N"
"310",0.525155911457761,0,0,0,0.0329283279970283,0.346789479664906,0,0.0951262808803041,0,"SdotYamN254Spring2018","SdotYam","Spring",25,2018-04-11,4,"2018","SdotYam25","N"
"311",0.34598409665365,0.209752858596275,0,0,0,0.339852732915484,0,0.0852329076200738,0.0191774042145166,"SdotYamN254Spring2019","SdotYam","Spring",25,2019-05-02,4,"2019","SdotYam25","N"
"312",0.217016194689353,0.287800773816544,0.269879113908554,0,0,0.0749426969793533,0,0.0939757628788716,0.056385457727323,"SdotYamN254Spring2020","SdotYam","Spring",25,2020-05-04,4,"2020","SdotYam25","N"
"313",0.0509089240630367,0.214702853657155,0.165156041274734,0,0,0.0760972139544346,0.322054280485732,0.146543217575518,0.0245374689893891,"SdotYamN254Spring2021","SdotYam","Spring",25,2021-04-18,4,"2021","SdotYam25","N"
"314",0.579061741745034,0.375461156077997,0.00924212076499685,0,0,0,0,0.0190710428484062,0.0171639385635656,"SdotYamN254Spring2022","SdotYam","Spring",25,2022-05-29,4,"2022","SdotYam25","N"
"315",0.159125034882998,0.0371036739991606,0,0,0,0.00751466815172873,0,0.541831429829012,0.254425193137101,"SdotYamN451Fall2015","SdotYam","Fall",45,2015-11-25,1,"2015","SdotYam45","N"
"316",0.237386539217395,0.0992521306210662,0,0.132336174161422,0,0,0,0.243666606392459,0.287358549607658,"SdotYamN451Fall2017","SdotYam","Fall",45,2017-12-10,1,"2017","SdotYam45","N"
"317",0.00537859688782984,0.130430974529874,0.181934487549362,0,0,0.0396245998571768,0,0.240158619769291,0.402472721406467,"SdotYamN451Fall2018","SdotYam","Fall",45,2018-12-25,1,"2018","SdotYam45","N"
"318",0.148718408182144,0.0333927907260833,0.0054798425806906,0,0,0.0135261937118312,0,0.432516146547365,0.366366618251886,"SdotYamN451Fall2020","SdotYam","Fall",45,2020-11-09,1,"2020","SdotYam45","N"
"319",0.0755402426401114,0.163558114644884,0.115413315769928,0,0,0.0066251388210586,0,0.369693262308437,0.269169925815581,"SdotYamN451Fall2021","SdotYam","Fall",45,2021-11-04,1,"2021","SdotYam45","N"
"320",0.284146026990189,0.0774218107248548,0.0158813970717651,0,0.0238220956076476,0,0,0.368675289165975,0.230053380439569,"SdotYamN451Spring2015","SdotYam","Spring",45,2015-06-18,1,"2015","SdotYam45","N"
"321",0.235566491280588,0.0878844217469887,0.003605514738338,0,0,0,0,0.552416365266786,0.120527206967299,"SdotYamN451Spring2016","SdotYam","Spring",45,2016-05-18,1,"2016","SdotYam45","N"
"322",0.360316761988561,0,0,0,0.0277166739991201,0,0,0.509018917729873,0.102947646282446,"SdotYamN451Spring2017","SdotYam","Spring",45,2017-05-11,1,"2017","SdotYam45","N"
"323",0.43899513975967,0,0,0,0,0.0770027641169765,0,0.223292737613018,0.260709358510335,"SdotYamN451Spring2018","SdotYam","Spring",45,2018-05-23,1,"2018","SdotYam45","N"
"324",0.406432291617626,0.0424826856539976,0,0,0,0.0774367941034892,0,0.124076415243421,0.349571813381466,"SdotYamN451Spring2019","SdotYam","Spring",45,2019-05-20,1,"2019","SdotYam45","N"
"325",0.327653395974223,0.255133779663415,0,0,0,0.0811999009417016,0,0.236042136287241,0.0999707871334196,"SdotYamN451Spring2020","SdotYam","Spring",45,2020-06-07,1,"2020","SdotYam45","N"
"326",0.0399587203939722,0.154158926974472,0.14998026008945,0,0.0135524331406129,0.00446029445134097,0.264272446241952,0.162198961714637,0.211417956993562,"SdotYamN451Spring2021","SdotYam","Spring",45,2021-05-12,1,"2021","SdotYam45","N"
"327",0.170581989297925,0.108858243170386,0,0,0,0.0293963188308217,0,0.525284221012659,0.165879227688208,"SdotYamN452Fall2015","SdotYam","Fall",45,2015-11-25,2,"2015","SdotYam45","N"
"328",0.241018045334347,0.0789822648561879,0,0,0,0,0,0.481415709599622,0.198583980209844,"SdotYamN452Fall2017","SdotYam","Fall",45,2017-12-10,2,"2017","SdotYam45","N"
"329",0.00265550260826043,0.128791876500631,0.163796848062341,0,0,0.0391266460255081,0,0.253495122001242,0.412134004802019,"SdotYamN452Fall2018","SdotYam","Fall",45,2018-12-25,2,"2018","SdotYam45","N"
"330",0.0197455621114915,0.282944929802168,0.0857205941175799,0.0870599784006671,0,0.013224300516557,0,0.163064721448868,0.348239913602668,"SdotYamN452Fall2019","SdotYam","Fall",45,2019-11-11,2,"2019","SdotYam45","N"
"331",0.0320510859663963,0.179362808004256,0.0637734428459577,0,0,0.0726532893181797,0,0.33784740555299,0.31431196831222,"SdotYamN452Fall2020","SdotYam","Fall",45,2020-11-09,2,"2020","SdotYam45","N"
"332",0.0151455010293155,0.157405028554672,0.120542654346142,0,0,0,0,0.32313836549848,0.383768450571391,"SdotYamN452Fall2021","SdotYam","Fall",45,2021-11-04,2,"2021","SdotYam45","N"
"333",0.518383594013728,0,0.0191009339484641,0,0.14325700461348,0,0,0.212838978282885,0.106419489141443,"SdotYamN452Spring2015","SdotYam","Spring",45,2015-06-18,2,"2015","SdotYam45","N"
"334",0.200445177140731,0.117599892233776,0,0,0,0,0,0.592355012733093,0.0895999178924006,"SdotYamN452Spring2016","SdotYam","Spring",45,2016-05-18,2,"2016","SdotYam45","N"
"335",0.329288652078523,0.040329544509617,0,0,0.0496363624733748,0,0,0.414818172098918,0.165927268839567,"SdotYamN452Spring2017","SdotYam","Spring",45,2017-05-11,2,"2017","SdotYam45","N"
"336",0.427728613569322,0,0,0,0,0,0,0.204382638010957,0.367888748419722,"SdotYamN452Spring2018","SdotYam","Spring",45,2018-05-23,2,"2018","SdotYam45","N"
"337",0.391967912782492,0,0,0,0,0.00908069919749265,0,0.250511987384797,0.348439400635218,"SdotYamN452Spring2019","SdotYam","Spring",45,2019-05-20,2,"2019","SdotYam45","N"
"338",0.403880537881748,0.157969403929555,0,0,0,0.0479907049912571,0,0.245730183890418,0.144429169307021,"SdotYamN452Spring2020","SdotYam","Spring",45,2020-06-07,2,"2020","SdotYam45","N"
"339",0.0296554428600448,0.143828897871217,0.28618262755914,0,0.0663825682482541,0,0,0.260261815195536,0.213688648265808,"SdotYamN452Spring2021","SdotYam","Spring",45,2021-05-12,2,"2021","SdotYam45","N"
"340",0.175944952216659,0.0984615021058613,0,0.131282002807815,0,0,0,0.429271310768411,0.165040232101253,"SdotYamN453Fall2015","SdotYam","Fall",45,2015-11-25,3,"2015","SdotYam45","N"
"341",0.298690439049123,0.124883502533469,0,0,0.0256171287248143,0,0,0.417599860323559,0.133209069369034,"SdotYamN453Fall2017","SdotYam","Fall",45,2017-12-10,3,"2017","SdotYam45","N"
"342",0.0034068845208305,0.123925424445209,0.07965121297675,0.330467798520559,0,0.0334650935210692,0,0.230802906903247,0.198280679112335,"SdotYamN453Fall2018","SdotYam","Fall",45,2018-12-25,3,"2018","SdotYam45","N"
"343",0.0384789520978874,0.171889529437273,0.0463409134307081,0.0982225882498705,0,0.124332390189709,0,0.18397246688071,0.336763159713842,"SdotYamN453Fall2020","SdotYam","Fall",45,2020-11-09,3,"2020","SdotYam45","N"
"344",0.0193771360220098,0.328926883973616,0.127233256218366,0,0,0.00951687186903771,0,0.235693640216922,0.279252211700049,"SdotYamN453Fall2021","SdotYam","Fall",45,2021-11-04,3,"2021","SdotYam45","N"
"345",0.241345204264287,0,0.0184698105038547,0,0.184698105038547,0,0,0.366830958618225,0.188655921575087,"SdotYamN453Spring2015","SdotYam","Spring",45,2015-06-18,3,"2015","SdotYam45","N"
"346",0.280415335579037,0,0,0,0.0756263787335494,0.00829656475557926,0,0.504575997793682,0.131085723138152,"SdotYamN453Spring2016","SdotYam","Spring",45,2016-05-18,3,"2016","SdotYam45","N"
"347",0.292703643536784,0,0,0,0.0283638895335345,0,0,0.678932466929682,0,"SdotYamN453Spring2017","SdotYam","Spring",45,2017-05-11,3,"2017","SdotYam45","N"
"348",0.388716498736027,0,0,0,0,0,0,0.255669905471623,0.355613595792349,"SdotYamN453Spring2018","SdotYam","Spring",45,2018-05-23,3,"2018","SdotYam45","N"
"349",0.447528319358644,0,0,0,0,0,0,0.264546573135616,0.28792510750574,"SdotYamN453Spring2019","SdotYam","Spring",45,2019-05-20,3,"2019","SdotYam45","N"
"350",0.455484200550838,0.0794639702399844,0,0,0,0.0402349216404984,0,0.20685858919615,0.217958318372529,"SdotYamN453Spring2020","SdotYam","Spring",45,2020-06-07,3,"2020","SdotYam45","N"
"351",0.117380750247646,0.112361178691003,0.224338216600156,0,0,0.022756694418431,0,0.266337608749044,0.256825551293721,"SdotYamN453Spring2021","SdotYam","Spring",45,2021-05-12,3,"2021","SdotYam45","N"
"352",0.234799119160674,0.10811161974012,0,0,0,0.0145973495007758,0,0.411853789486173,0.230638122112257,"SdotYamN454Fall2015","SdotYam","Fall",45,2015-11-25,4,"2015","SdotYam45","N"
"353",0.242357964771356,0.220394274213952,0,0,0,0.0297578766871159,0,0.205234879691299,0.302255004636277,"SdotYamN454Fall2017","SdotYam","Fall",45,2017-12-10,4,"2017","SdotYam45","N"
"354",0.00596648090672048,0.0723435809939858,0.186980332415225,0,0,0.0659333902729997,0,0.321527026639937,0.347249188771132,"SdotYamN454Fall2018","SdotYam","Fall",45,2018-12-25,4,"2018","SdotYam45","N"
"355",0.0278382431242873,0.363503213103675,0.125694883945007,0,0.0319563264266967,0.0105172719885331,0,0.191230715283566,0.249259346128234,"SdotYamN454Fall2019","SdotYam","Fall",45,2019-11-11,4,"2019","SdotYam45","N"
"356",0.00261124051422897,0.0316612912350263,0.0623483888935903,0,0.019483871529247,0.192372402440666,0,0.402048142667001,0.289474662720241,"SdotYamN454Fall2020","SdotYam","Fall",45,2020-11-09,4,"2020","SdotYam45","N"
"357",0.0243422920574727,0.0983834303989522,0.166831389667967,0,0,0,0,0.395615910598961,0.314826977276647,"SdotYamN454Fall2021","SdotYam","Fall",45,2021-11-04,4,"2021","SdotYam45","N"
"358",0.251574846922575,0.0442078988251627,0,0,0.0272048608154847,0,0,0.65680306825956,0.0202093251772172,"SdotYamN454Spring2016","SdotYam","Spring",45,2016-05-18,4,"2016","SdotYam45","N"
"359",0.337011642154648,0.110439625976354,0,0,0,0,0,0.350601987226521,0.201946744642476,"SdotYamN454Spring2017","SdotYam","Spring",45,2017-05-11,4,"2017","SdotYam45","N"
"360",0.504865182596653,0,0,0,0.0313922581486381,0.0206632585282174,0,0.233199631961311,0.20987966876518,"SdotYamN454Spring2018","SdotYam","Spring",45,2018-05-23,4,"2018","SdotYam45","N"
"361",0.427768244986748,0.0467269366708497,0,0,0,0.0662457836346224,0,0.160206640014342,0.299052394693438,"SdotYamN454Spring2019","SdotYam","Spring",45,2019-05-20,4,"2019","SdotYam45","N"
"362",0.335761301340677,0,0,0.127222055586116,0,0.04509136147356,0,0.157513021201858,0.33441226039779,"SdotYamN454Spring2020","SdotYam","Spring",45,2020-06-07,4,"2020","SdotYam45","N"
"363",0.103666324305043,0.0314238545549662,0.157280420746908,0,0.0193377566492099,0.0127286499463154,0.125695418219865,0.219468190542621,0.330399385035073,"SdotYamN454Spring2021","SdotYam","Spring",45,2021-05-12,4,"2021","SdotYam45","N"
